source,field,value
data/pilot/INTC_20260713.parquet,n_rows,2984021
data/pilot/INTC_20260713.parquet,columns,"['timestamp', 'ts_recv', 'ts_event', 'ts_recv_minus_ts_event_ms', 'instrument', 'sequence', 'session_date', 'in_continuous_session', 'canonical_event_id', 'raw_row_id', 'src_row_first', 'src_row_last', 'n_records', 'actions', 'n_trades', 'bid_price_1', 'ask_price_1', 'bid_size_1', 'ask_size_1', 'bid_price_1_int', 'ask_price_1_int', 'bid_price_2', 'ask_price_2', 'bid_size_2', 'ask_size_2', 'bid_price_2_int', 'ask_price_2_int', 'bid_price_3', 'ask_price_3', 'bid_size_3', 'ask_size_3', 'bid_price_3_int', 'ask_price_3_int', 'bid_price_4', 'ask_price_4', 'bid_size_4', 'ask_size_4', 'bid_price_4_int', 'ask_price_4_int', 'bid_price_5', 'ask_price_5', 'bid_size_5', 'ask_size_5', 'bid_price_5_int', 'ask_price_5_int', 'bid_price_6', 'ask_price_6', 'bid_size_6', 'ask_size_6', 'bid_price_6_int', 'ask_price_6_int', 'bid_price_7', 'ask_price_7', 'bid_size_7', 'ask_size_7', 'bid_price_7_int', 'ask_price_7_int', 'bid_price_8', 'ask_price_8', 'bid_size_8', 'ask_size_8', 'bid_price_8_int', 'ask_price_8_int', 'bid_price_9', 'ask_price_9', 'bid_size_9', 'ask_size_9', 'bid_price_9_int', 'ask_price_9_int', 'bid_price_10', 'ask_price_10', 'bid_size_10', 'ask_size_10', 'bid_price_10_int', 'ask_price_10_int', 'trade_price', 'trade_size', 'signed_trade_volume', 'trade_side', 'event_type', 'book_clear', 'F_SNAPSHOT', 'F_MAYBE_BAD_BOOK', 'F_BAD_TS_RECV', 'integrity_break', 'halt_boundary']"
data/pilot/INTC_20260713.parquet,dtypes,"{'timestamp': 'datetime64[ns, UTC]', 'ts_recv': 'datetime64[ns, UTC]', 'ts_event': 'datetime64[ns, UTC]', 'ts_recv_minus_ts_event_ms': 'float64', 'instrument': 'object', 'sequence': 'uint32', 'session_date': 'object', 'in_continuous_session': 'bool', 'canonical_event_id': 'int64', 'raw_row_id': 'int64', 'src_row_first': 'int64', 'src_row_last': 'int64', 'n_records': 'int64', 'actions': 'object', 'n_trades': 'int64', 'bid_price_1': 'float64', 'ask_price_1': 'float64', 'bid_size_1': 'uint32', 'ask_size_1': 'uint32', 'bid_price_1_int': 'Int64', 'ask_price_1_int': 'Int64', 'bid_price_2': 'float64', 'ask_price_2': 'float64', 'bid_size_2': 'uint32', 'ask_size_2': 'uint32', 'bid_price_2_int': 'Int64', 'ask_price_2_int': 'Int64', 'bid_price_3': 'float64', 'ask_price_3': 'float64', 'bid_size_3': 'uint32', 'ask_size_3': 'uint32', 'bid_price_3_int': 'Int64', 'ask_price_3_int': 'Int64', 'bid_price_4': 'float64', 'ask_price_4': 'float64', 'bid_size_4': 'uint32', 'ask_size_4': 'uint32', 'bid_price_4_int': 'Int64', 'ask_price_4_int': 'Int64', 'bid_price_5': 'float64', 'ask_price_5': 'float64', 'bid_size_5': 'uint32', 'ask_size_5': 'uint32', 'bid_price_5_int': 'Int64', 'ask_price_5_int': 'Int64', 'bid_price_6': 'float64', 'ask_price_6': 'float64', 'bid_size_6': 'uint32', 'ask_size_6': 'uint32', 'bid_price_6_int': 'Int64', 'ask_price_6_int': 'Int64', 'bid_price_7': 'float64', 'ask_price_7': 'float64', 'bid_size_7': 'uint32', 'ask_size_7': 'uint32', 'bid_price_7_int': 'Int64', 'ask_price_7_int': 'Int64', 'bid_price_8': 'float64', 'ask_price_8': 'float64', 'bid_size_8': 'uint32', 'ask_size_8': 'uint32', 'bid_price_8_int': 'Int64', 'ask_price_8_int': 'Int64', 'bid_price_9': 'float64', 'ask_price_9': 'float64', 'bid_size_9': 'uint32', 'ask_size_9': 'uint32', 'bid_price_9_int': 'Int64', 'ask_price_9_int': 'Int64', 'bid_price_10': 'float64', 'ask_price_10': 'float64', 'bid_size_10': 'uint32', 'ask_size_10': 'uint32', 'bid_price_10_int': 'Int64', 'ask_price_10_int': 'Int64', 'trade_price': 'float64', 'trade_size': 'float64', 'signed_trade_volume': 'float64', 'trade_side': 'object', 'event_type': 'object', 'book_clear': 'bool', 'F_SNAPSHOT': 'bool', 'F_MAYBE_BAD_BOOK': 'bool', 'F_BAD_TS_RECV': 'bool', 'integrity_break': 'bool', 'halt_boundary': 'bool'}"
data/pilot/INTC_20260713.parquet,ts_min,2026-07-13 13:30:00.012552372+00:00
data/pilot/INTC_20260713.parquet,ts_max,2026-07-13 19:59:59.998028506+00:00
data/pilot/INTC_20260713.parquet,ts_resolution_ms,6e-06
data/pilot/INTC_20260713.parquet,missing_counts,"{'timestamp': 0, 'ts_recv': 0, 'ts_event': 0, 'ts_recv_minus_ts_event_ms': 0, 'instrument': 0, 'sequence': 0, 'session_date': 0, 'in_continuous_session': 0, 'canonical_event_id': 0, 'raw_row_id': 0, 'src_row_first': 0, 'src_row_last': 0, 'n_records': 0, 'actions': 0, 'n_trades': 0, 'bid_price_1': 0, 'ask_price_1': 0, 'bid_size_1': 0, 'ask_size_1': 0, 'bid_price_1_int': 0, 'ask_price_1_int': 0, 'bid_price_2': 0, 'ask_price_2': 0, 'bid_size_2': 0, 'ask_size_2': 0, 'bid_price_2_int': 0, 'ask_price_2_int': 0, 'bid_price_3': 0, 'ask_price_3': 0, 'bid_size_3': 0, 'ask_size_3': 0, 'bid_price_3_int': 0, 'ask_price_3_int': 0, 'bid_price_4': 0, 'ask_price_4': 0, 'bid_size_4': 0, 'ask_size_4': 0, 'bid_price_4_int': 0, 'ask_price_4_int': 0, 'bid_price_5': 0, 'ask_price_5': 0, 'bid_size_5': 0, 'ask_size_5': 0, 'bid_price_5_int': 0, 'ask_price_5_int': 0, 'bid_price_6': 0, 'ask_price_6': 0, 'bid_size_6': 0, 'ask_size_6': 0, 'bid_price_6_int': 0, 'ask_price_6_int': 0, 'bid_price_7': 0, 'ask_price_7': 0, 'bid_size_7': 0, 'ask_size_7': 0, 'bid_price_7_int': 0, 'ask_price_7_int': 0, 'bid_price_8': 0, 'ask_price_8': 0, 'bid_size_8': 0, 'ask_size_8': 0, 'bid_price_8_int': 0, 'ask_price_8_int': 0, 'bid_price_9': 0, 'ask_price_9': 0, 'bid_size_9': 0, 'ask_size_9': 0, 'bid_price_9_int': 0, 'ask_price_9_int': 0, 'bid_price_10': 0, 'ask_price_10': 0, 'bid_size_10': 0, 'ask_size_10': 0, 'bid_price_10_int': 0, 'ask_price_10_int': 0, 'trade_price': 2872161, 'trade_size': 2872161, 'signed_trade_volume': 0, 'trade_side': 0, 'event_type': 0, 'book_clear': 0, 'F_SNAPSHOT': 0, 'F_MAYBE_BAD_BOOK': 0, 'F_BAD_TS_RECV': 0, 'integrity_break': 0, 'halt_boundary': 0}"
data/pilot/INTC_20260713.parquet,n_duplicate_rows,0
data/pilot/INTC_20260713.parquet,n_duplicate_timestamps,0
data/pilot/INTC_20260713.parquet,is_sorted,True
data/pilot/INTC_20260713.parquet,n_instruments,1
data/pilot/INTC_20260713.parquet,n_days,1
data/pilot/INTC_20260713.parquet,gap_ms_describe,"{'min': 6e-06, 'median': 0.057261, 'p90': 16.993934600000024, 'p99': 147.01626323000005, 'max': 1619.527193, 'n_negative': 0}"
data/pilot/INTC_20260713.parquet,n_crossed,0
data/pilot/INTC_20260713.parquet,n_locked,0
data/pilot/INTC_20260713.parquet,n_nonpositive_sizes,0
data/pilot/INTC_20260713.parquet,has_level2,True
data/pilot/INTC_20260713.parquet,has_trades,True
data/pilot/INTC_20260713.parquet,has_trade_side,True
data/pilot/INTC_20260713.parquet,has_event_type,True
data/pilot/INTC_20260713.parquet,notes,[]
data/pilot/INTC_20260714.parquet,n_rows,2671564
data/pilot/INTC_20260714.parquet,columns,"['timestamp', 'ts_recv', 'ts_event', 'ts_recv_minus_ts_event_ms', 'instrument', 'sequence', 'session_date', 'in_continuous_session', 'canonical_event_id', 'raw_row_id', 'src_row_first', 'src_row_last', 'n_records', 'actions', 'n_trades', 'bid_price_1', 'ask_price_1', 'bid_size_1', 'ask_size_1', 'bid_price_1_int', 'ask_price_1_int', 'bid_price_2', 'ask_price_2', 'bid_size_2', 'ask_size_2', 'bid_price_2_int', 'ask_price_2_int', 'bid_price_3', 'ask_price_3', 'bid_size_3', 'ask_size_3', 'bid_price_3_int', 'ask_price_3_int', 'bid_price_4', 'ask_price_4', 'bid_size_4', 'ask_size_4', 'bid_price_4_int', 'ask_price_4_int', 'bid_price_5', 'ask_price_5', 'bid_size_5', 'ask_size_5', 'bid_price_5_int', 'ask_price_5_int', 'bid_price_6', 'ask_price_6', 'bid_size_6', 'ask_size_6', 'bid_price_6_int', 'ask_price_6_int', 'bid_price_7', 'ask_price_7', 'bid_size_7', 'ask_size_7', 'bid_price_7_int', 'ask_price_7_int', 'bid_price_8', 'ask_price_8', 'bid_size_8', 'ask_size_8', 'bid_price_8_int', 'ask_price_8_int', 'bid_price_9', 'ask_price_9', 'bid_size_9', 'ask_size_9', 'bid_price_9_int', 'ask_price_9_int', 'bid_price_10', 'ask_price_10', 'bid_size_10', 'ask_size_10', 'bid_price_10_int', 'ask_price_10_int', 'trade_price', 'trade_size', 'signed_trade_volume', 'trade_side', 'event_type', 'book_clear', 'F_SNAPSHOT', 'F_MAYBE_BAD_BOOK', 'F_BAD_TS_RECV', 'integrity_break', 'halt_boundary']"
data/pilot/INTC_20260714.parquet,dtypes,"{'timestamp': 'datetime64[ns, UTC]', 'ts_recv': 'datetime64[ns, UTC]', 'ts_event': 'datetime64[ns, UTC]', 'ts_recv_minus_ts_event_ms': 'float64', 'instrument': 'object', 'sequence': 'uint32', 'session_date': 'object', 'in_continuous_session': 'bool', 'canonical_event_id': 'int64', 'raw_row_id': 'int64', 'src_row_first': 'int64', 'src_row_last': 'int64', 'n_records': 'int64', 'actions': 'object', 'n_trades': 'int64', 'bid_price_1': 'float64', 'ask_price_1': 'float64', 'bid_size_1': 'uint32', 'ask_size_1': 'uint32', 'bid_price_1_int': 'Int64', 'ask_price_1_int': 'Int64', 'bid_price_2': 'float64', 'ask_price_2': 'float64', 'bid_size_2': 'uint32', 'ask_size_2': 'uint32', 'bid_price_2_int': 'Int64', 'ask_price_2_int': 'Int64', 'bid_price_3': 'float64', 'ask_price_3': 'float64', 'bid_size_3': 'uint32', 'ask_size_3': 'uint32', 'bid_price_3_int': 'Int64', 'ask_price_3_int': 'Int64', 'bid_price_4': 'float64', 'ask_price_4': 'float64', 'bid_size_4': 'uint32', 'ask_size_4': 'uint32', 'bid_price_4_int': 'Int64', 'ask_price_4_int': 'Int64', 'bid_price_5': 'float64', 'ask_price_5': 'float64', 'bid_size_5': 'uint32', 'ask_size_5': 'uint32', 'bid_price_5_int': 'Int64', 'ask_price_5_int': 'Int64', 'bid_price_6': 'float64', 'ask_price_6': 'float64', 'bid_size_6': 'uint32', 'ask_size_6': 'uint32', 'bid_price_6_int': 'Int64', 'ask_price_6_int': 'Int64', 'bid_price_7': 'float64', 'ask_price_7': 'float64', 'bid_size_7': 'uint32', 'ask_size_7': 'uint32', 'bid_price_7_int': 'Int64', 'ask_price_7_int': 'Int64', 'bid_price_8': 'float64', 'ask_price_8': 'float64', 'bid_size_8': 'uint32', 'ask_size_8': 'uint32', 'bid_price_8_int': 'Int64', 'ask_price_8_int': 'Int64', 'bid_price_9': 'float64', 'ask_price_9': 'float64', 'bid_size_9': 'uint32', 'ask_size_9': 'uint32', 'bid_price_9_int': 'Int64', 'ask_price_9_int': 'Int64', 'bid_price_10': 'float64', 'ask_price_10': 'float64', 'bid_size_10': 'uint32', 'ask_size_10': 'uint32', 'bid_price_10_int': 'Int64', 'ask_price_10_int': 'Int64', 'trade_price': 'float64', 'trade_size': 'float64', 'signed_trade_volume': 'float64', 'trade_side': 'object', 'event_type': 'object', 'book_clear': 'bool', 'F_SNAPSHOT': 'bool', 'F_MAYBE_BAD_BOOK': 'bool', 'F_BAD_TS_RECV': 'bool', 'integrity_break': 'bool', 'halt_boundary': 'bool'}"
data/pilot/INTC_20260714.parquet,ts_min,2026-07-14 13:30:00.009777853+00:00
data/pilot/INTC_20260714.parquet,ts_max,2026-07-14 19:59:59.988866315+00:00
data/pilot/INTC_20260714.parquet,ts_resolution_ms,1.5e-05
data/pilot/INTC_20260714.parquet,missing_counts,"{'timestamp': 0, 'ts_recv': 0, 'ts_event': 0, 'ts_recv_minus_ts_event_ms': 0, 'instrument': 0, 'sequence': 0, 'session_date': 0, 'in_continuous_session': 0, 'canonical_event_id': 0, 'raw_row_id': 0, 'src_row_first': 0, 'src_row_last': 0, 'n_records': 0, 'actions': 0, 'n_trades': 0, 'bid_price_1': 0, 'ask_price_1': 0, 'bid_size_1': 0, 'ask_size_1': 0, 'bid_price_1_int': 0, 'ask_price_1_int': 0, 'bid_price_2': 0, 'ask_price_2': 0, 'bid_size_2': 0, 'ask_size_2': 0, 'bid_price_2_int': 0, 'ask_price_2_int': 0, 'bid_price_3': 0, 'ask_price_3': 0, 'bid_size_3': 0, 'ask_size_3': 0, 'bid_price_3_int': 0, 'ask_price_3_int': 0, 'bid_price_4': 0, 'ask_price_4': 0, 'bid_size_4': 0, 'ask_size_4': 0, 'bid_price_4_int': 0, 'ask_price_4_int': 0, 'bid_price_5': 0, 'ask_price_5': 0, 'bid_size_5': 0, 'ask_size_5': 0, 'bid_price_5_int': 0, 'ask_price_5_int': 0, 'bid_price_6': 0, 'ask_price_6': 0, 'bid_size_6': 0, 'ask_size_6': 0, 'bid_price_6_int': 0, 'ask_price_6_int': 0, 'bid_price_7': 0, 'ask_price_7': 0, 'bid_size_7': 0, 'ask_size_7': 0, 'bid_price_7_int': 0, 'ask_price_7_int': 0, 'bid_price_8': 0, 'ask_price_8': 0, 'bid_size_8': 0, 'ask_size_8': 0, 'bid_price_8_int': 0, 'ask_price_8_int': 0, 'bid_price_9': 0, 'ask_price_9': 0, 'bid_size_9': 0, 'ask_size_9': 0, 'bid_price_9_int': 0, 'ask_price_9_int': 0, 'bid_price_10': 0, 'ask_price_10': 0, 'bid_size_10': 0, 'ask_size_10': 0, 'bid_price_10_int': 0, 'ask_price_10_int': 0, 'trade_price': 2572332, 'trade_size': 2572332, 'signed_trade_volume': 0, 'trade_side': 0, 'event_type': 0, 'book_clear': 0, 'F_SNAPSHOT': 0, 'F_MAYBE_BAD_BOOK': 0, 'F_BAD_TS_RECV': 0, 'integrity_break': 0, 'halt_boundary': 0}"
data/pilot/INTC_20260714.parquet,n_duplicate_rows,0
data/pilot/INTC_20260714.parquet,n_duplicate_timestamps,0
data/pilot/INTC_20260714.parquet,is_sorted,True
data/pilot/INTC_20260714.parquet,n_instruments,1
data/pilot/INTC_20260714.parquet,n_days,1
data/pilot/INTC_20260714.parquet,gap_ms_describe,"{'min': 1.5e-05, 'median': 0.05854, 'p90': 19.422043200000005, 'p99': 161.52516395999936, 'max': 1483.722647, 'n_negative': 0}"
data/pilot/INTC_20260714.parquet,n_crossed,0
data/pilot/INTC_20260714.parquet,n_locked,0
data/pilot/INTC_20260714.parquet,n_nonpositive_sizes,0
data/pilot/INTC_20260714.parquet,has_level2,True
data/pilot/INTC_20260714.parquet,has_trades,True
data/pilot/INTC_20260714.parquet,has_trade_side,True
data/pilot/INTC_20260714.parquet,has_event_type,True
data/pilot/INTC_20260714.parquet,notes,[]
data/pilot/INTC_20260715.parquet,n_rows,3376181
data/pilot/INTC_20260715.parquet,columns,"['timestamp', 'ts_recv', 'ts_event', 'ts_recv_minus_ts_event_ms', 'instrument', 'sequence', 'session_date', 'in_continuous_session', 'canonical_event_id', 'raw_row_id', 'src_row_first', 'src_row_last', 'n_records', 'actions', 'n_trades', 'bid_price_1', 'ask_price_1', 'bid_size_1', 'ask_size_1', 'bid_price_1_int', 'ask_price_1_int', 'bid_price_2', 'ask_price_2', 'bid_size_2', 'ask_size_2', 'bid_price_2_int', 'ask_price_2_int', 'bid_price_3', 'ask_price_3', 'bid_size_3', 'ask_size_3', 'bid_price_3_int', 'ask_price_3_int', 'bid_price_4', 'ask_price_4', 'bid_size_4', 'ask_size_4', 'bid_price_4_int', 'ask_price_4_int', 'bid_price_5', 'ask_price_5', 'bid_size_5', 'ask_size_5', 'bid_price_5_int', 'ask_price_5_int', 'bid_price_6', 'ask_price_6', 'bid_size_6', 'ask_size_6', 'bid_price_6_int', 'ask_price_6_int', 'bid_price_7', 'ask_price_7', 'bid_size_7', 'ask_size_7', 'bid_price_7_int', 'ask_price_7_int', 'bid_price_8', 'ask_price_8', 'bid_size_8', 'ask_size_8', 'bid_price_8_int', 'ask_price_8_int', 'bid_price_9', 'ask_price_9', 'bid_size_9', 'ask_size_9', 'bid_price_9_int', 'ask_price_9_int', 'bid_price_10', 'ask_price_10', 'bid_size_10', 'ask_size_10', 'bid_price_10_int', 'ask_price_10_int', 'trade_price', 'trade_size', 'signed_trade_volume', 'trade_side', 'event_type', 'book_clear', 'F_SNAPSHOT', 'F_MAYBE_BAD_BOOK', 'F_BAD_TS_RECV', 'integrity_break', 'halt_boundary']"
data/pilot/INTC_20260715.parquet,dtypes,"{'timestamp': 'datetime64[ns, UTC]', 'ts_recv': 'datetime64[ns, UTC]', 'ts_event': 'datetime64[ns, UTC]', 'ts_recv_minus_ts_event_ms': 'float64', 'instrument': 'object', 'sequence': 'uint32', 'session_date': 'object', 'in_continuous_session': 'bool', 'canonical_event_id': 'int64', 'raw_row_id': 'int64', 'src_row_first': 'int64', 'src_row_last': 'int64', 'n_records': 'int64', 'actions': 'object', 'n_trades': 'int64', 'bid_price_1': 'float64', 'ask_price_1': 'float64', 'bid_size_1': 'uint32', 'ask_size_1': 'uint32', 'bid_price_1_int': 'Int64', 'ask_price_1_int': 'Int64', 'bid_price_2': 'float64', 'ask_price_2': 'float64', 'bid_size_2': 'uint32', 'ask_size_2': 'uint32', 'bid_price_2_int': 'Int64', 'ask_price_2_int': 'Int64', 'bid_price_3': 'float64', 'ask_price_3': 'float64', 'bid_size_3': 'uint32', 'ask_size_3': 'uint32', 'bid_price_3_int': 'Int64', 'ask_price_3_int': 'Int64', 'bid_price_4': 'float64', 'ask_price_4': 'float64', 'bid_size_4': 'uint32', 'ask_size_4': 'uint32', 'bid_price_4_int': 'Int64', 'ask_price_4_int': 'Int64', 'bid_price_5': 'float64', 'ask_price_5': 'float64', 'bid_size_5': 'uint32', 'ask_size_5': 'uint32', 'bid_price_5_int': 'Int64', 'ask_price_5_int': 'Int64', 'bid_price_6': 'float64', 'ask_price_6': 'float64', 'bid_size_6': 'uint32', 'ask_size_6': 'uint32', 'bid_price_6_int': 'Int64', 'ask_price_6_int': 'Int64', 'bid_price_7': 'float64', 'ask_price_7': 'float64', 'bid_size_7': 'uint32', 'ask_size_7': 'uint32', 'bid_price_7_int': 'Int64', 'ask_price_7_int': 'Int64', 'bid_price_8': 'float64', 'ask_price_8': 'float64', 'bid_size_8': 'uint32', 'ask_size_8': 'uint32', 'bid_price_8_int': 'Int64', 'ask_price_8_int': 'Int64', 'bid_price_9': 'float64', 'ask_price_9': 'float64', 'bid_size_9': 'uint32', 'ask_size_9': 'uint32', 'bid_price_9_int': 'Int64', 'ask_price_9_int': 'Int64', 'bid_price_10': 'float64', 'ask_price_10': 'float64', 'bid_size_10': 'uint32', 'ask_size_10': 'uint32', 'bid_price_10_int': 'Int64', 'ask_price_10_int': 'Int64', 'trade_price': 'float64', 'trade_size': 'float64', 'signed_trade_volume': 'float64', 'trade_side': 'object', 'event_type': 'object', 'book_clear': 'bool', 'F_SNAPSHOT': 'bool', 'F_MAYBE_BAD_BOOK': 'bool', 'F_BAD_TS_RECV': 'bool', 'integrity_break': 'bool', 'halt_boundary': 'bool'}"
data/pilot/INTC_20260715.parquet,ts_min,2026-07-15 13:30:00.023822132+00:00
data/pilot/INTC_20260715.parquet,ts_max,2026-07-15 19:59:59.999158807+00:00
data/pilot/INTC_20260715.parquet,ts_resolution_ms,6e-06
data/pilot/INTC_20260715.parquet,missing_counts,"{'timestamp': 0, 'ts_recv': 0, 'ts_event': 0, 'ts_recv_minus_ts_event_ms': 0, 'instrument': 0, 'sequence': 0, 'session_date': 0, 'in_continuous_session': 0, 'canonical_event_id': 0, 'raw_row_id': 0, 'src_row_first': 0, 'src_row_last': 0, 'n_records': 0, 'actions': 0, 'n_trades': 0, 'bid_price_1': 0, 'ask_price_1': 0, 'bid_size_1': 0, 'ask_size_1': 0, 'bid_price_1_int': 0, 'ask_price_1_int': 0, 'bid_price_2': 0, 'ask_price_2': 0, 'bid_size_2': 0, 'ask_size_2': 0, 'bid_price_2_int': 0, 'ask_price_2_int': 0, 'bid_price_3': 0, 'ask_price_3': 0, 'bid_size_3': 0, 'ask_size_3': 0, 'bid_price_3_int': 0, 'ask_price_3_int': 0, 'bid_price_4': 0, 'ask_price_4': 0, 'bid_size_4': 0, 'ask_size_4': 0, 'bid_price_4_int': 0, 'ask_price_4_int': 0, 'bid_price_5': 0, 'ask_price_5': 0, 'bid_size_5': 0, 'ask_size_5': 0, 'bid_price_5_int': 0, 'ask_price_5_int': 0, 'bid_price_6': 0, 'ask_price_6': 0, 'bid_size_6': 0, 'ask_size_6': 0, 'bid_price_6_int': 0, 'ask_price_6_int': 0, 'bid_price_7': 0, 'ask_price_7': 0, 'bid_size_7': 0, 'ask_size_7': 0, 'bid_price_7_int': 0, 'ask_price_7_int': 0, 'bid_price_8': 0, 'ask_price_8': 0, 'bid_size_8': 0, 'ask_size_8': 0, 'bid_price_8_int': 0, 'ask_price_8_int': 0, 'bid_price_9': 0, 'ask_price_9': 0, 'bid_size_9': 0, 'ask_size_9': 0, 'bid_price_9_int': 0, 'ask_price_9_int': 0, 'bid_price_10': 0, 'ask_price_10': 0, 'bid_size_10': 0, 'ask_size_10': 0, 'bid_price_10_int': 0, 'ask_price_10_int': 0, 'trade_price': 3252264, 'trade_size': 3252264, 'signed_trade_volume': 0, 'trade_side': 0, 'event_type': 0, 'book_clear': 0, 'F_SNAPSHOT': 0, 'F_MAYBE_BAD_BOOK': 0, 'F_BAD_TS_RECV': 0, 'integrity_break': 0, 'halt_boundary': 0}"
data/pilot/INTC_20260715.parquet,n_duplicate_rows,0
data/pilot/INTC_20260715.parquet,n_duplicate_timestamps,0
data/pilot/INTC_20260715.parquet,is_sorted,True
data/pilot/INTC_20260715.parquet,n_instruments,1
data/pilot/INTC_20260715.parquet,n_days,1
data/pilot/INTC_20260715.parquet,gap_ms_describe,"{'min': 6e-06, 'median': 0.071835, 'p90': 16.4950018, 'p99': 121.56258229, 'max': 1636.34136, 'n_negative': 0}"
data/pilot/INTC_20260715.parquet,n_crossed,0
data/pilot/INTC_20260715.parquet,n_locked,0
data/pilot/INTC_20260715.parquet,n_nonpositive_sizes,0
data/pilot/INTC_20260715.parquet,has_level2,True
data/pilot/INTC_20260715.parquet,has_trades,True
data/pilot/INTC_20260715.parquet,has_trade_side,True
data/pilot/INTC_20260715.parquet,has_event_type,True
data/pilot/INTC_20260715.parquet,notes,[]
data/pilot/INTC_20260716.parquet,n_rows,2778809
data/pilot/INTC_20260716.parquet,columns,"['timestamp', 'ts_recv', 'ts_event', 'ts_recv_minus_ts_event_ms', 'instrument', 'sequence', 'session_date', 'in_continuous_session', 'canonical_event_id', 'raw_row_id', 'src_row_first', 'src_row_last', 'n_records', 'actions', 'n_trades', 'bid_price_1', 'ask_price_1', 'bid_size_1', 'ask_size_1', 'bid_price_1_int', 'ask_price_1_int', 'bid_price_2', 'ask_price_2', 'bid_size_2', 'ask_size_2', 'bid_price_2_int', 'ask_price_2_int', 'bid_price_3', 'ask_price_3', 'bid_size_3', 'ask_size_3', 'bid_price_3_int', 'ask_price_3_int', 'bid_price_4', 'ask_price_4', 'bid_size_4', 'ask_size_4', 'bid_price_4_int', 'ask_price_4_int', 'bid_price_5', 'ask_price_5', 'bid_size_5', 'ask_size_5', 'bid_price_5_int', 'ask_price_5_int', 'bid_price_6', 'ask_price_6', 'bid_size_6', 'ask_size_6', 'bid_price_6_int', 'ask_price_6_int', 'bid_price_7', 'ask_price_7', 'bid_size_7', 'ask_size_7', 'bid_price_7_int', 'ask_price_7_int', 'bid_price_8', 'ask_price_8', 'bid_size_8', 'ask_size_8', 'bid_price_8_int', 'ask_price_8_int', 'bid_price_9', 'ask_price_9', 'bid_size_9', 'ask_size_9', 'bid_price_9_int', 'ask_price_9_int', 'bid_price_10', 'ask_price_10', 'bid_size_10', 'ask_size_10', 'bid_price_10_int', 'ask_price_10_int', 'trade_price', 'trade_size', 'signed_trade_volume', 'trade_side', 'event_type', 'book_clear', 'F_SNAPSHOT', 'F_MAYBE_BAD_BOOK', 'F_BAD_TS_RECV', 'integrity_break', 'halt_boundary']"
data/pilot/INTC_20260716.parquet,dtypes,"{'timestamp': 'datetime64[ns, UTC]', 'ts_recv': 'datetime64[ns, UTC]', 'ts_event': 'datetime64[ns, UTC]', 'ts_recv_minus_ts_event_ms': 'float64', 'instrument': 'object', 'sequence': 'uint32', 'session_date': 'object', 'in_continuous_session': 'bool', 'canonical_event_id': 'int64', 'raw_row_id': 'int64', 'src_row_first': 'int64', 'src_row_last': 'int64', 'n_records': 'int64', 'actions': 'object', 'n_trades': 'int64', 'bid_price_1': 'float64', 'ask_price_1': 'float64', 'bid_size_1': 'uint32', 'ask_size_1': 'uint32', 'bid_price_1_int': 'Int64', 'ask_price_1_int': 'Int64', 'bid_price_2': 'float64', 'ask_price_2': 'float64', 'bid_size_2': 'uint32', 'ask_size_2': 'uint32', 'bid_price_2_int': 'Int64', 'ask_price_2_int': 'Int64', 'bid_price_3': 'float64', 'ask_price_3': 'float64', 'bid_size_3': 'uint32', 'ask_size_3': 'uint32', 'bid_price_3_int': 'Int64', 'ask_price_3_int': 'Int64', 'bid_price_4': 'float64', 'ask_price_4': 'float64', 'bid_size_4': 'uint32', 'ask_size_4': 'uint32', 'bid_price_4_int': 'Int64', 'ask_price_4_int': 'Int64', 'bid_price_5': 'float64', 'ask_price_5': 'float64', 'bid_size_5': 'uint32', 'ask_size_5': 'uint32', 'bid_price_5_int': 'Int64', 'ask_price_5_int': 'Int64', 'bid_price_6': 'float64', 'ask_price_6': 'float64', 'bid_size_6': 'uint32', 'ask_size_6': 'uint32', 'bid_price_6_int': 'Int64', 'ask_price_6_int': 'Int64', 'bid_price_7': 'float64', 'ask_price_7': 'float64', 'bid_size_7': 'uint32', 'ask_size_7': 'uint32', 'bid_price_7_int': 'Int64', 'ask_price_7_int': 'Int64', 'bid_price_8': 'float64', 'ask_price_8': 'float64', 'bid_size_8': 'uint32', 'ask_size_8': 'uint32', 'bid_price_8_int': 'Int64', 'ask_price_8_int': 'Int64', 'bid_price_9': 'float64', 'ask_price_9': 'float64', 'bid_size_9': 'uint32', 'ask_size_9': 'uint32', 'bid_price_9_int': 'Int64', 'ask_price_9_int': 'Int64', 'bid_price_10': 'float64', 'ask_price_10': 'float64', 'bid_size_10': 'uint32', 'ask_size_10': 'uint32', 'bid_price_10_int': 'Int64', 'ask_price_10_int': 'Int64', 'trade_price': 'float64', 'trade_size': 'float64', 'signed_trade_volume': 'float64', 'trade_side': 'object', 'event_type': 'object', 'book_clear': 'bool', 'F_SNAPSHOT': 'bool', 'F_MAYBE_BAD_BOOK': 'bool', 'F_BAD_TS_RECV': 'bool', 'integrity_break': 'bool', 'halt_boundary': 'bool'}"
data/pilot/INTC_20260716.parquet,ts_min,2026-07-16 13:30:00.000315868+00:00
data/pilot/INTC_20260716.parquet,ts_max,2026-07-16 19:59:59.995811553+00:00
data/pilot/INTC_20260716.parquet,ts_resolution_ms,1e-05
data/pilot/INTC_20260716.parquet,missing_counts,"{'timestamp': 0, 'ts_recv': 0, 'ts_event': 0, 'ts_recv_minus_ts_event_ms': 0, 'instrument': 0, 'sequence': 0, 'session_date': 0, 'in_continuous_session': 0, 'canonical_event_id': 0, 'raw_row_id': 0, 'src_row_first': 0, 'src_row_last': 0, 'n_records': 0, 'actions': 0, 'n_trades': 0, 'bid_price_1': 0, 'ask_price_1': 0, 'bid_size_1': 0, 'ask_size_1': 0, 'bid_price_1_int': 0, 'ask_price_1_int': 0, 'bid_price_2': 0, 'ask_price_2': 0, 'bid_size_2': 0, 'ask_size_2': 0, 'bid_price_2_int': 0, 'ask_price_2_int': 0, 'bid_price_3': 0, 'ask_price_3': 0, 'bid_size_3': 0, 'ask_size_3': 0, 'bid_price_3_int': 0, 'ask_price_3_int': 0, 'bid_price_4': 0, 'ask_price_4': 0, 'bid_size_4': 0, 'ask_size_4': 0, 'bid_price_4_int': 0, 'ask_price_4_int': 0, 'bid_price_5': 0, 'ask_price_5': 0, 'bid_size_5': 0, 'ask_size_5': 0, 'bid_price_5_int': 0, 'ask_price_5_int': 0, 'bid_price_6': 0, 'ask_price_6': 0, 'bid_size_6': 0, 'ask_size_6': 0, 'bid_price_6_int': 0, 'ask_price_6_int': 0, 'bid_price_7': 0, 'ask_price_7': 0, 'bid_size_7': 0, 'ask_size_7': 0, 'bid_price_7_int': 0, 'ask_price_7_int': 0, 'bid_price_8': 0, 'ask_price_8': 0, 'bid_size_8': 0, 'ask_size_8': 0, 'bid_price_8_int': 0, 'ask_price_8_int': 0, 'bid_price_9': 0, 'ask_price_9': 0, 'bid_size_9': 0, 'ask_size_9': 0, 'bid_price_9_int': 0, 'ask_price_9_int': 0, 'bid_price_10': 0, 'ask_price_10': 0, 'bid_size_10': 0, 'ask_size_10': 0, 'bid_price_10_int': 0, 'ask_price_10_int': 0, 'trade_price': 2661959, 'trade_size': 2661959, 'signed_trade_volume': 0, 'trade_side': 0, 'event_type': 0, 'book_clear': 0, 'F_SNAPSHOT': 0, 'F_MAYBE_BAD_BOOK': 0, 'F_BAD_TS_RECV': 0, 'integrity_break': 0, 'halt_boundary': 0}"
data/pilot/INTC_20260716.parquet,n_duplicate_rows,0
data/pilot/INTC_20260716.parquet,n_duplicate_timestamps,0
data/pilot/INTC_20260716.parquet,is_sorted,True
data/pilot/INTC_20260716.parquet,n_instruments,1
data/pilot/INTC_20260716.parquet,n_days,1
data/pilot/INTC_20260716.parquet,gap_ms_describe,"{'min': 1e-05, 'median': 0.0597, 'p90': 22.09971540000004, 'p99': 141.64225172000025, 'max': 1679.898963, 'n_negative': 0}"
data/pilot/INTC_20260716.parquet,n_crossed,0
data/pilot/INTC_20260716.parquet,n_locked,0
data/pilot/INTC_20260716.parquet,n_nonpositive_sizes,0
data/pilot/INTC_20260716.parquet,has_level2,True
data/pilot/INTC_20260716.parquet,has_trades,True
data/pilot/INTC_20260716.parquet,has_trade_side,True
data/pilot/INTC_20260716.parquet,has_event_type,True
data/pilot/INTC_20260716.parquet,notes,[]
data/pilot/INTC_20260717.parquet,n_rows,3721370
data/pilot/INTC_20260717.parquet,columns,"['timestamp', 'ts_recv', 'ts_event', 'ts_recv_minus_ts_event_ms', 'instrument', 'sequence', 'session_date', 'in_continuous_session', 'canonical_event_id', 'raw_row_id', 'src_row_first', 'src_row_last', 'n_records', 'actions', 'n_trades', 'bid_price_1', 'ask_price_1', 'bid_size_1', 'ask_size_1', 'bid_price_1_int', 'ask_price_1_int', 'bid_price_2', 'ask_price_2', 'bid_size_2', 'ask_size_2', 'bid_price_2_int', 'ask_price_2_int', 'bid_price_3', 'ask_price_3', 'bid_size_3', 'ask_size_3', 'bid_price_3_int', 'ask_price_3_int', 'bid_price_4', 'ask_price_4', 'bid_size_4', 'ask_size_4', 'bid_price_4_int', 'ask_price_4_int', 'bid_price_5', 'ask_price_5', 'bid_size_5', 'ask_size_5', 'bid_price_5_int', 'ask_price_5_int', 'bid_price_6', 'ask_price_6', 'bid_size_6', 'ask_size_6', 'bid_price_6_int', 'ask_price_6_int', 'bid_price_7', 'ask_price_7', 'bid_size_7', 'ask_size_7', 'bid_price_7_int', 'ask_price_7_int', 'bid_price_8', 'ask_price_8', 'bid_size_8', 'ask_size_8', 'bid_price_8_int', 'ask_price_8_int', 'bid_price_9', 'ask_price_9', 'bid_size_9', 'ask_size_9', 'bid_price_9_int', 'ask_price_9_int', 'bid_price_10', 'ask_price_10', 'bid_size_10', 'ask_size_10', 'bid_price_10_int', 'ask_price_10_int', 'trade_price', 'trade_size', 'signed_trade_volume', 'trade_side', 'event_type', 'book_clear', 'F_SNAPSHOT', 'F_MAYBE_BAD_BOOK', 'F_BAD_TS_RECV', 'integrity_break', 'halt_boundary']"
data/pilot/INTC_20260717.parquet,dtypes,"{'timestamp': 'datetime64[ns, UTC]', 'ts_recv': 'datetime64[ns, UTC]', 'ts_event': 'datetime64[ns, UTC]', 'ts_recv_minus_ts_event_ms': 'float64', 'instrument': 'object', 'sequence': 'uint32', 'session_date': 'object', 'in_continuous_session': 'bool', 'canonical_event_id': 'int64', 'raw_row_id': 'int64', 'src_row_first': 'int64', 'src_row_last': 'int64', 'n_records': 'int64', 'actions': 'object', 'n_trades': 'int64', 'bid_price_1': 'float64', 'ask_price_1': 'float64', 'bid_size_1': 'uint32', 'ask_size_1': 'uint32', 'bid_price_1_int': 'Int64', 'ask_price_1_int': 'Int64', 'bid_price_2': 'float64', 'ask_price_2': 'float64', 'bid_size_2': 'uint32', 'ask_size_2': 'uint32', 'bid_price_2_int': 'Int64', 'ask_price_2_int': 'Int64', 'bid_price_3': 'float64', 'ask_price_3': 'float64', 'bid_size_3': 'uint32', 'ask_size_3': 'uint32', 'bid_price_3_int': 'Int64', 'ask_price_3_int': 'Int64', 'bid_price_4': 'float64', 'ask_price_4': 'float64', 'bid_size_4': 'uint32', 'ask_size_4': 'uint32', 'bid_price_4_int': 'Int64', 'ask_price_4_int': 'Int64', 'bid_price_5': 'float64', 'ask_price_5': 'float64', 'bid_size_5': 'uint32', 'ask_size_5': 'uint32', 'bid_price_5_int': 'Int64', 'ask_price_5_int': 'Int64', 'bid_price_6': 'float64', 'ask_price_6': 'float64', 'bid_size_6': 'uint32', 'ask_size_6': 'uint32', 'bid_price_6_int': 'Int64', 'ask_price_6_int': 'Int64', 'bid_price_7': 'float64', 'ask_price_7': 'float64', 'bid_size_7': 'uint32', 'ask_size_7': 'uint32', 'bid_price_7_int': 'Int64', 'ask_price_7_int': 'Int64', 'bid_price_8': 'float64', 'ask_price_8': 'float64', 'bid_size_8': 'uint32', 'ask_size_8': 'uint32', 'bid_price_8_int': 'Int64', 'ask_price_8_int': 'Int64', 'bid_price_9': 'float64', 'ask_price_9': 'float64', 'bid_size_9': 'uint32', 'ask_size_9': 'uint32', 'bid_price_9_int': 'Int64', 'ask_price_9_int': 'Int64', 'bid_price_10': 'float64', 'ask_price_10': 'float64', 'bid_size_10': 'uint32', 'ask_size_10': 'uint32', 'bid_price_10_int': 'Int64', 'ask_price_10_int': 'Int64', 'trade_price': 'float64', 'trade_size': 'float64', 'signed_trade_volume': 'float64', 'trade_side': 'object', 'event_type': 'object', 'book_clear': 'bool', 'F_SNAPSHOT': 'bool', 'F_MAYBE_BAD_BOOK': 'bool', 'F_BAD_TS_RECV': 'bool', 'integrity_break': 'bool', 'halt_boundary': 'bool'}"
data/pilot/INTC_20260717.parquet,ts_min,2026-07-17 13:30:00.005168097+00:00
data/pilot/INTC_20260717.parquet,ts_max,2026-07-17 19:59:59.999794159+00:00
data/pilot/INTC_20260717.parquet,ts_resolution_ms,1.2e-05
data/pilot/INTC_20260717.parquet,missing_counts,"{'timestamp': 0, 'ts_recv': 0, 'ts_event': 0, 'ts_recv_minus_ts_event_ms': 0, 'instrument': 0, 'sequence': 0, 'session_date': 0, 'in_continuous_session': 0, 'canonical_event_id': 0, 'raw_row_id': 0, 'src_row_first': 0, 'src_row_last': 0, 'n_records': 0, 'actions': 0, 'n_trades': 0, 'bid_price_1': 0, 'ask_price_1': 0, 'bid_size_1': 0, 'ask_size_1': 0, 'bid_price_1_int': 0, 'ask_price_1_int': 0, 'bid_price_2': 0, 'ask_price_2': 0, 'bid_size_2': 0, 'ask_size_2': 0, 'bid_price_2_int': 0, 'ask_price_2_int': 0, 'bid_price_3': 0, 'ask_price_3': 0, 'bid_size_3': 0, 'ask_size_3': 0, 'bid_price_3_int': 0, 'ask_price_3_int': 0, 'bid_price_4': 0, 'ask_price_4': 0, 'bid_size_4': 0, 'ask_size_4': 0, 'bid_price_4_int': 0, 'ask_price_4_int': 0, 'bid_price_5': 0, 'ask_price_5': 0, 'bid_size_5': 0, 'ask_size_5': 0, 'bid_price_5_int': 0, 'ask_price_5_int': 0, 'bid_price_6': 0, 'ask_price_6': 0, 'bid_size_6': 0, 'ask_size_6': 0, 'bid_price_6_int': 0, 'ask_price_6_int': 0, 'bid_price_7': 0, 'ask_price_7': 0, 'bid_size_7': 0, 'ask_size_7': 0, 'bid_price_7_int': 0, 'ask_price_7_int': 0, 'bid_price_8': 0, 'ask_price_8': 0, 'bid_size_8': 0, 'ask_size_8': 0, 'bid_price_8_int': 0, 'ask_price_8_int': 0, 'bid_price_9': 0, 'ask_price_9': 0, 'bid_size_9': 0, 'ask_size_9': 0, 'bid_price_9_int': 0, 'ask_price_9_int': 0, 'bid_price_10': 0, 'ask_price_10': 0, 'bid_size_10': 0, 'ask_size_10': 0, 'bid_price_10_int': 0, 'ask_price_10_int': 0, 'trade_price': 3566940, 'trade_size': 3566940, 'signed_trade_volume': 0, 'trade_side': 0, 'event_type': 0, 'book_clear': 0, 'F_SNAPSHOT': 0, 'F_MAYBE_BAD_BOOK': 0, 'F_BAD_TS_RECV': 0, 'integrity_break': 0, 'halt_boundary': 0}"
data/pilot/INTC_20260717.parquet,n_duplicate_rows,0
data/pilot/INTC_20260717.parquet,n_duplicate_timestamps,0
data/pilot/INTC_20260717.parquet,is_sorted,True
data/pilot/INTC_20260717.parquet,n_instruments,1
data/pilot/INTC_20260717.parquet,n_days,1
data/pilot/INTC_20260717.parquet,gap_ms_describe,"{'min': 1.2e-05, 'median': 0.057224, 'p90': 14.484052800000018, 'p99': 109.99994331999919, 'max': 1041.219992, 'n_negative': 0}"
data/pilot/INTC_20260717.parquet,n_crossed,0
data/pilot/INTC_20260717.parquet,n_locked,0
data/pilot/INTC_20260717.parquet,n_nonpositive_sizes,0
data/pilot/INTC_20260717.parquet,has_level2,True
data/pilot/INTC_20260717.parquet,has_trades,True
data/pilot/INTC_20260717.parquet,has_trade_side,True
data/pilot/INTC_20260717.parquet,has_event_type,True
data/pilot/INTC_20260717.parquet,notes,[]
data/pilot/INTC_20260720.parquet,n_rows,2933866
data/pilot/INTC_20260720.parquet,columns,"['timestamp', 'ts_recv', 'ts_event', 'ts_recv_minus_ts_event_ms', 'instrument', 'sequence', 'session_date', 'in_continuous_session', 'canonical_event_id', 'raw_row_id', 'src_row_first', 'src_row_last', 'n_records', 'actions', 'n_trades', 'bid_price_1', 'ask_price_1', 'bid_size_1', 'ask_size_1', 'bid_price_1_int', 'ask_price_1_int', 'bid_price_2', 'ask_price_2', 'bid_size_2', 'ask_size_2', 'bid_price_2_int', 'ask_price_2_int', 'bid_price_3', 'ask_price_3', 'bid_size_3', 'ask_size_3', 'bid_price_3_int', 'ask_price_3_int', 'bid_price_4', 'ask_price_4', 'bid_size_4', 'ask_size_4', 'bid_price_4_int', 'ask_price_4_int', 'bid_price_5', 'ask_price_5', 'bid_size_5', 'ask_size_5', 'bid_price_5_int', 'ask_price_5_int', 'bid_price_6', 'ask_price_6', 'bid_size_6', 'ask_size_6', 'bid_price_6_int', 'ask_price_6_int', 'bid_price_7', 'ask_price_7', 'bid_size_7', 'ask_size_7', 'bid_price_7_int', 'ask_price_7_int', 'bid_price_8', 'ask_price_8', 'bid_size_8', 'ask_size_8', 'bid_price_8_int', 'ask_price_8_int', 'bid_price_9', 'ask_price_9', 'bid_size_9', 'ask_size_9', 'bid_price_9_int', 'ask_price_9_int', 'bid_price_10', 'ask_price_10', 'bid_size_10', 'ask_size_10', 'bid_price_10_int', 'ask_price_10_int', 'trade_price', 'trade_size', 'signed_trade_volume', 'trade_side', 'event_type', 'book_clear', 'F_SNAPSHOT', 'F_MAYBE_BAD_BOOK', 'F_BAD_TS_RECV', 'integrity_break', 'halt_boundary']"
data/pilot/INTC_20260720.parquet,dtypes,"{'timestamp': 'datetime64[ns, UTC]', 'ts_recv': 'datetime64[ns, UTC]', 'ts_event': 'datetime64[ns, UTC]', 'ts_recv_minus_ts_event_ms': 'float64', 'instrument': 'object', 'sequence': 'uint32', 'session_date': 'object', 'in_continuous_session': 'bool', 'canonical_event_id': 'int64', 'raw_row_id': 'int64', 'src_row_first': 'int64', 'src_row_last': 'int64', 'n_records': 'int64', 'actions': 'object', 'n_trades': 'int64', 'bid_price_1': 'float64', 'ask_price_1': 'float64', 'bid_size_1': 'uint32', 'ask_size_1': 'uint32', 'bid_price_1_int': 'Int64', 'ask_price_1_int': 'Int64', 'bid_price_2': 'float64', 'ask_price_2': 'float64', 'bid_size_2': 'uint32', 'ask_size_2': 'uint32', 'bid_price_2_int': 'Int64', 'ask_price_2_int': 'Int64', 'bid_price_3': 'float64', 'ask_price_3': 'float64', 'bid_size_3': 'uint32', 'ask_size_3': 'uint32', 'bid_price_3_int': 'Int64', 'ask_price_3_int': 'Int64', 'bid_price_4': 'float64', 'ask_price_4': 'float64', 'bid_size_4': 'uint32', 'ask_size_4': 'uint32', 'bid_price_4_int': 'Int64', 'ask_price_4_int': 'Int64', 'bid_price_5': 'float64', 'ask_price_5': 'float64', 'bid_size_5': 'uint32', 'ask_size_5': 'uint32', 'bid_price_5_int': 'Int64', 'ask_price_5_int': 'Int64', 'bid_price_6': 'float64', 'ask_price_6': 'float64', 'bid_size_6': 'uint32', 'ask_size_6': 'uint32', 'bid_price_6_int': 'Int64', 'ask_price_6_int': 'Int64', 'bid_price_7': 'float64', 'ask_price_7': 'float64', 'bid_size_7': 'uint32', 'ask_size_7': 'uint32', 'bid_price_7_int': 'Int64', 'ask_price_7_int': 'Int64', 'bid_price_8': 'float64', 'ask_price_8': 'float64', 'bid_size_8': 'uint32', 'ask_size_8': 'uint32', 'bid_price_8_int': 'Int64', 'ask_price_8_int': 'Int64', 'bid_price_9': 'float64', 'ask_price_9': 'float64', 'bid_size_9': 'uint32', 'ask_size_9': 'uint32', 'bid_price_9_int': 'Int64', 'ask_price_9_int': 'Int64', 'bid_price_10': 'float64', 'ask_price_10': 'float64', 'bid_size_10': 'uint32', 'ask_size_10': 'uint32', 'bid_price_10_int': 'Int64', 'ask_price_10_int': 'Int64', 'trade_price': 'float64', 'trade_size': 'float64', 'signed_trade_volume': 'float64', 'trade_side': 'object', 'event_type': 'object', 'book_clear': 'bool', 'F_SNAPSHOT': 'bool', 'F_MAYBE_BAD_BOOK': 'bool', 'F_BAD_TS_RECV': 'bool', 'integrity_break': 'bool', 'halt_boundary': 'bool'}"
data/pilot/INTC_20260720.parquet,ts_min,2026-07-20 13:30:00.002474515+00:00
data/pilot/INTC_20260720.parquet,ts_max,2026-07-20 19:59:59.996694493+00:00
data/pilot/INTC_20260720.parquet,ts_resolution_ms,9e-06
data/pilot/INTC_20260720.parquet,missing_counts,"{'timestamp': 0, 'ts_recv': 0, 'ts_event': 0, 'ts_recv_minus_ts_event_ms': 0, 'instrument': 0, 'sequence': 0, 'session_date': 0, 'in_continuous_session': 0, 'canonical_event_id': 0, 'raw_row_id': 0, 'src_row_first': 0, 'src_row_last': 0, 'n_records': 0, 'actions': 0, 'n_trades': 0, 'bid_price_1': 0, 'ask_price_1': 0, 'bid_size_1': 0, 'ask_size_1': 0, 'bid_price_1_int': 0, 'ask_price_1_int': 0, 'bid_price_2': 0, 'ask_price_2': 0, 'bid_size_2': 0, 'ask_size_2': 0, 'bid_price_2_int': 0, 'ask_price_2_int': 0, 'bid_price_3': 0, 'ask_price_3': 0, 'bid_size_3': 0, 'ask_size_3': 0, 'bid_price_3_int': 0, 'ask_price_3_int': 0, 'bid_price_4': 0, 'ask_price_4': 0, 'bid_size_4': 0, 'ask_size_4': 0, 'bid_price_4_int': 0, 'ask_price_4_int': 0, 'bid_price_5': 0, 'ask_price_5': 0, 'bid_size_5': 0, 'ask_size_5': 0, 'bid_price_5_int': 0, 'ask_price_5_int': 0, 'bid_price_6': 0, 'ask_price_6': 0, 'bid_size_6': 0, 'ask_size_6': 0, 'bid_price_6_int': 0, 'ask_price_6_int': 0, 'bid_price_7': 0, 'ask_price_7': 0, 'bid_size_7': 0, 'ask_size_7': 0, 'bid_price_7_int': 0, 'ask_price_7_int': 0, 'bid_price_8': 0, 'ask_price_8': 0, 'bid_size_8': 0, 'ask_size_8': 0, 'bid_price_8_int': 0, 'ask_price_8_int': 0, 'bid_price_9': 0, 'ask_price_9': 0, 'bid_size_9': 0, 'ask_size_9': 0, 'bid_price_9_int': 0, 'ask_price_9_int': 0, 'bid_price_10': 0, 'ask_price_10': 0, 'bid_size_10': 0, 'ask_size_10': 0, 'bid_price_10_int': 0, 'ask_price_10_int': 0, 'trade_price': 2817059, 'trade_size': 2817059, 'signed_trade_volume': 0, 'trade_side': 0, 'event_type': 0, 'book_clear': 0, 'F_SNAPSHOT': 0, 'F_MAYBE_BAD_BOOK': 0, 'F_BAD_TS_RECV': 0, 'integrity_break': 0, 'halt_boundary': 0}"
data/pilot/INTC_20260720.parquet,n_duplicate_rows,0
data/pilot/INTC_20260720.parquet,n_duplicate_timestamps,0
data/pilot/INTC_20260720.parquet,is_sorted,True
data/pilot/INTC_20260720.parquet,n_instruments,1
data/pilot/INTC_20260720.parquet,n_days,1
data/pilot/INTC_20260720.parquet,gap_ms_describe,"{'min': 9e-06, 'median': 0.08358, 'p90': 18.696513200000012, 'p99': 141.22872807999883, 'max': 1529.845524, 'n_negative': 0}"
data/pilot/INTC_20260720.parquet,n_crossed,0
data/pilot/INTC_20260720.parquet,n_locked,0
data/pilot/INTC_20260720.parquet,n_nonpositive_sizes,0
data/pilot/INTC_20260720.parquet,has_level2,True
data/pilot/INTC_20260720.parquet,has_trades,True
data/pilot/INTC_20260720.parquet,has_trade_side,True
data/pilot/INTC_20260720.parquet,has_event_type,True
data/pilot/INTC_20260720.parquet,notes,[]
data/pilot/INTC_20260721.parquet,n_rows,2401608
data/pilot/INTC_20260721.parquet,columns,"['timestamp', 'ts_recv', 'ts_event', 'ts_recv_minus_ts_event_ms', 'instrument', 'sequence', 'session_date', 'in_continuous_session', 'canonical_event_id', 'raw_row_id', 'src_row_first', 'src_row_last', 'n_records', 'actions', 'n_trades', 'bid_price_1', 'ask_price_1', 'bid_size_1', 'ask_size_1', 'bid_price_1_int', 'ask_price_1_int', 'bid_price_2', 'ask_price_2', 'bid_size_2', 'ask_size_2', 'bid_price_2_int', 'ask_price_2_int', 'bid_price_3', 'ask_price_3', 'bid_size_3', 'ask_size_3', 'bid_price_3_int', 'ask_price_3_int', 'bid_price_4', 'ask_price_4', 'bid_size_4', 'ask_size_4', 'bid_price_4_int', 'ask_price_4_int', 'bid_price_5', 'ask_price_5', 'bid_size_5', 'ask_size_5', 'bid_price_5_int', 'ask_price_5_int', 'bid_price_6', 'ask_price_6', 'bid_size_6', 'ask_size_6', 'bid_price_6_int', 'ask_price_6_int', 'bid_price_7', 'ask_price_7', 'bid_size_7', 'ask_size_7', 'bid_price_7_int', 'ask_price_7_int', 'bid_price_8', 'ask_price_8', 'bid_size_8', 'ask_size_8', 'bid_price_8_int', 'ask_price_8_int', 'bid_price_9', 'ask_price_9', 'bid_size_9', 'ask_size_9', 'bid_price_9_int', 'ask_price_9_int', 'bid_price_10', 'ask_price_10', 'bid_size_10', 'ask_size_10', 'bid_price_10_int', 'ask_price_10_int', 'trade_price', 'trade_size', 'signed_trade_volume', 'trade_side', 'event_type', 'book_clear', 'F_SNAPSHOT', 'F_MAYBE_BAD_BOOK', 'F_BAD_TS_RECV', 'integrity_break', 'halt_boundary']"
data/pilot/INTC_20260721.parquet,dtypes,"{'timestamp': 'datetime64[ns, UTC]', 'ts_recv': 'datetime64[ns, UTC]', 'ts_event': 'datetime64[ns, UTC]', 'ts_recv_minus_ts_event_ms': 'float64', 'instrument': 'object', 'sequence': 'uint32', 'session_date': 'object', 'in_continuous_session': 'bool', 'canonical_event_id': 'int64', 'raw_row_id': 'int64', 'src_row_first': 'int64', 'src_row_last': 'int64', 'n_records': 'int64', 'actions': 'object', 'n_trades': 'int64', 'bid_price_1': 'float64', 'ask_price_1': 'float64', 'bid_size_1': 'uint32', 'ask_size_1': 'uint32', 'bid_price_1_int': 'Int64', 'ask_price_1_int': 'Int64', 'bid_price_2': 'float64', 'ask_price_2': 'float64', 'bid_size_2': 'uint32', 'ask_size_2': 'uint32', 'bid_price_2_int': 'Int64', 'ask_price_2_int': 'Int64', 'bid_price_3': 'float64', 'ask_price_3': 'float64', 'bid_size_3': 'uint32', 'ask_size_3': 'uint32', 'bid_price_3_int': 'Int64', 'ask_price_3_int': 'Int64', 'bid_price_4': 'float64', 'ask_price_4': 'float64', 'bid_size_4': 'uint32', 'ask_size_4': 'uint32', 'bid_price_4_int': 'Int64', 'ask_price_4_int': 'Int64', 'bid_price_5': 'float64', 'ask_price_5': 'float64', 'bid_size_5': 'uint32', 'ask_size_5': 'uint32', 'bid_price_5_int': 'Int64', 'ask_price_5_int': 'Int64', 'bid_price_6': 'float64', 'ask_price_6': 'float64', 'bid_size_6': 'uint32', 'ask_size_6': 'uint32', 'bid_price_6_int': 'Int64', 'ask_price_6_int': 'Int64', 'bid_price_7': 'float64', 'ask_price_7': 'float64', 'bid_size_7': 'uint32', 'ask_size_7': 'uint32', 'bid_price_7_int': 'Int64', 'ask_price_7_int': 'Int64', 'bid_price_8': 'float64', 'ask_price_8': 'float64', 'bid_size_8': 'uint32', 'ask_size_8': 'uint32', 'bid_price_8_int': 'Int64', 'ask_price_8_int': 'Int64', 'bid_price_9': 'float64', 'ask_price_9': 'float64', 'bid_size_9': 'uint32', 'ask_size_9': 'uint32', 'bid_price_9_int': 'Int64', 'ask_price_9_int': 'Int64', 'bid_price_10': 'float64', 'ask_price_10': 'float64', 'bid_size_10': 'uint32', 'ask_size_10': 'uint32', 'bid_price_10_int': 'Int64', 'ask_price_10_int': 'Int64', 'trade_price': 'float64', 'trade_size': 'float64', 'signed_trade_volume': 'float64', 'trade_side': 'object', 'event_type': 'object', 'book_clear': 'bool', 'F_SNAPSHOT': 'bool', 'F_MAYBE_BAD_BOOK': 'bool', 'F_BAD_TS_RECV': 'bool', 'integrity_break': 'bool', 'halt_boundary': 'bool'}"
data/pilot/INTC_20260721.parquet,ts_min,2026-07-21 13:30:00.024000250+00:00
data/pilot/INTC_20260721.parquet,ts_max,2026-07-21 19:59:59.999953950+00:00
data/pilot/INTC_20260721.parquet,ts_resolution_ms,1.8e-05
data/pilot/INTC_20260721.parquet,missing_counts,"{'timestamp': 0, 'ts_recv': 0, 'ts_event': 0, 'ts_recv_minus_ts_event_ms': 0, 'instrument': 0, 'sequence': 0, 'session_date': 0, 'in_continuous_session': 0, 'canonical_event_id': 0, 'raw_row_id': 0, 'src_row_first': 0, 'src_row_last': 0, 'n_records': 0, 'actions': 0, 'n_trades': 0, 'bid_price_1': 0, 'ask_price_1': 0, 'bid_size_1': 0, 'ask_size_1': 0, 'bid_price_1_int': 0, 'ask_price_1_int': 0, 'bid_price_2': 0, 'ask_price_2': 0, 'bid_size_2': 0, 'ask_size_2': 0, 'bid_price_2_int': 0, 'ask_price_2_int': 0, 'bid_price_3': 0, 'ask_price_3': 0, 'bid_size_3': 0, 'ask_size_3': 0, 'bid_price_3_int': 0, 'ask_price_3_int': 0, 'bid_price_4': 0, 'ask_price_4': 0, 'bid_size_4': 0, 'ask_size_4': 0, 'bid_price_4_int': 0, 'ask_price_4_int': 0, 'bid_price_5': 0, 'ask_price_5': 0, 'bid_size_5': 0, 'ask_size_5': 0, 'bid_price_5_int': 0, 'ask_price_5_int': 0, 'bid_price_6': 0, 'ask_price_6': 0, 'bid_size_6': 0, 'ask_size_6': 0, 'bid_price_6_int': 0, 'ask_price_6_int': 0, 'bid_price_7': 0, 'ask_price_7': 0, 'bid_size_7': 0, 'ask_size_7': 0, 'bid_price_7_int': 0, 'ask_price_7_int': 0, 'bid_price_8': 0, 'ask_price_8': 0, 'bid_size_8': 0, 'ask_size_8': 0, 'bid_price_8_int': 0, 'ask_price_8_int': 0, 'bid_price_9': 0, 'ask_price_9': 0, 'bid_size_9': 0, 'ask_size_9': 0, 'bid_price_9_int': 0, 'ask_price_9_int': 0, 'bid_price_10': 0, 'ask_price_10': 0, 'bid_size_10': 0, 'ask_size_10': 0, 'bid_price_10_int': 0, 'ask_price_10_int': 0, 'trade_price': 2289740, 'trade_size': 2289740, 'signed_trade_volume': 0, 'trade_side': 0, 'event_type': 0, 'book_clear': 0, 'F_SNAPSHOT': 0, 'F_MAYBE_BAD_BOOK': 0, 'F_BAD_TS_RECV': 0, 'integrity_break': 0, 'halt_boundary': 0}"
data/pilot/INTC_20260721.parquet,n_duplicate_rows,0
data/pilot/INTC_20260721.parquet,n_duplicate_timestamps,0
data/pilot/INTC_20260721.parquet,is_sorted,True
data/pilot/INTC_20260721.parquet,n_instruments,1
data/pilot/INTC_20260721.parquet,n_days,1
data/pilot/INTC_20260721.parquet,gap_ms_describe,"{'min': 1.8e-05, 'median': 0.041722, 'p90': 20.836623199999995, 'p99': 186.93666127999998, 'max': 2697.426094, 'n_negative': 0}"
data/pilot/INTC_20260721.parquet,n_crossed,0
data/pilot/INTC_20260721.parquet,n_locked,0
data/pilot/INTC_20260721.parquet,n_nonpositive_sizes,0
data/pilot/INTC_20260721.parquet,has_level2,True
data/pilot/INTC_20260721.parquet,has_trades,True
data/pilot/INTC_20260721.parquet,has_trade_side,True
data/pilot/INTC_20260721.parquet,has_event_type,True
data/pilot/INTC_20260721.parquet,notes,[]
data/pilot/INTC_20260722.parquet,n_rows,2020743
data/pilot/INTC_20260722.parquet,columns,"['timestamp', 'ts_recv', 'ts_event', 'ts_recv_minus_ts_event_ms', 'instrument', 'sequence', 'session_date', 'in_continuous_session', 'canonical_event_id', 'raw_row_id', 'src_row_first', 'src_row_last', 'n_records', 'actions', 'n_trades', 'bid_price_1', 'ask_price_1', 'bid_size_1', 'ask_size_1', 'bid_price_1_int', 'ask_price_1_int', 'bid_price_2', 'ask_price_2', 'bid_size_2', 'ask_size_2', 'bid_price_2_int', 'ask_price_2_int', 'bid_price_3', 'ask_price_3', 'bid_size_3', 'ask_size_3', 'bid_price_3_int', 'ask_price_3_int', 'bid_price_4', 'ask_price_4', 'bid_size_4', 'ask_size_4', 'bid_price_4_int', 'ask_price_4_int', 'bid_price_5', 'ask_price_5', 'bid_size_5', 'ask_size_5', 'bid_price_5_int', 'ask_price_5_int', 'bid_price_6', 'ask_price_6', 'bid_size_6', 'ask_size_6', 'bid_price_6_int', 'ask_price_6_int', 'bid_price_7', 'ask_price_7', 'bid_size_7', 'ask_size_7', 'bid_price_7_int', 'ask_price_7_int', 'bid_price_8', 'ask_price_8', 'bid_size_8', 'ask_size_8', 'bid_price_8_int', 'ask_price_8_int', 'bid_price_9', 'ask_price_9', 'bid_size_9', 'ask_size_9', 'bid_price_9_int', 'ask_price_9_int', 'bid_price_10', 'ask_price_10', 'bid_size_10', 'ask_size_10', 'bid_price_10_int', 'ask_price_10_int', 'trade_price', 'trade_size', 'signed_trade_volume', 'trade_side', 'event_type', 'book_clear', 'F_SNAPSHOT', 'F_MAYBE_BAD_BOOK', 'F_BAD_TS_RECV', 'integrity_break', 'halt_boundary']"
data/pilot/INTC_20260722.parquet,dtypes,"{'timestamp': 'datetime64[ns, UTC]', 'ts_recv': 'datetime64[ns, UTC]', 'ts_event': 'datetime64[ns, UTC]', 'ts_recv_minus_ts_event_ms': 'float64', 'instrument': 'object', 'sequence': 'uint32', 'session_date': 'object', 'in_continuous_session': 'bool', 'canonical_event_id': 'int64', 'raw_row_id': 'int64', 'src_row_first': 'int64', 'src_row_last': 'int64', 'n_records': 'int64', 'actions': 'object', 'n_trades': 'int64', 'bid_price_1': 'float64', 'ask_price_1': 'float64', 'bid_size_1': 'uint32', 'ask_size_1': 'uint32', 'bid_price_1_int': 'Int64', 'ask_price_1_int': 'Int64', 'bid_price_2': 'float64', 'ask_price_2': 'float64', 'bid_size_2': 'uint32', 'ask_size_2': 'uint32', 'bid_price_2_int': 'Int64', 'ask_price_2_int': 'Int64', 'bid_price_3': 'float64', 'ask_price_3': 'float64', 'bid_size_3': 'uint32', 'ask_size_3': 'uint32', 'bid_price_3_int': 'Int64', 'ask_price_3_int': 'Int64', 'bid_price_4': 'float64', 'ask_price_4': 'float64', 'bid_size_4': 'uint32', 'ask_size_4': 'uint32', 'bid_price_4_int': 'Int64', 'ask_price_4_int': 'Int64', 'bid_price_5': 'float64', 'ask_price_5': 'float64', 'bid_size_5': 'uint32', 'ask_size_5': 'uint32', 'bid_price_5_int': 'Int64', 'ask_price_5_int': 'Int64', 'bid_price_6': 'float64', 'ask_price_6': 'float64', 'bid_size_6': 'uint32', 'ask_size_6': 'uint32', 'bid_price_6_int': 'Int64', 'ask_price_6_int': 'Int64', 'bid_price_7': 'float64', 'ask_price_7': 'float64', 'bid_size_7': 'uint32', 'ask_size_7': 'uint32', 'bid_price_7_int': 'Int64', 'ask_price_7_int': 'Int64', 'bid_price_8': 'float64', 'ask_price_8': 'float64', 'bid_size_8': 'uint32', 'ask_size_8': 'uint32', 'bid_price_8_int': 'Int64', 'ask_price_8_int': 'Int64', 'bid_price_9': 'float64', 'ask_price_9': 'float64', 'bid_size_9': 'uint32', 'ask_size_9': 'uint32', 'bid_price_9_int': 'Int64', 'ask_price_9_int': 'Int64', 'bid_price_10': 'float64', 'ask_price_10': 'float64', 'bid_size_10': 'uint32', 'ask_size_10': 'uint32', 'bid_price_10_int': 'Int64', 'ask_price_10_int': 'Int64', 'trade_price': 'float64', 'trade_size': 'float64', 'signed_trade_volume': 'float64', 'trade_side': 'object', 'event_type': 'object', 'book_clear': 'bool', 'F_SNAPSHOT': 'bool', 'F_MAYBE_BAD_BOOK': 'bool', 'F_BAD_TS_RECV': 'bool', 'integrity_break': 'bool', 'halt_boundary': 'bool'}"
data/pilot/INTC_20260722.parquet,ts_min,2026-07-22 13:30:00.002492914+00:00
data/pilot/INTC_20260722.parquet,ts_max,2026-07-22 19:59:59.997707119+00:00
data/pilot/INTC_20260722.parquet,ts_resolution_ms,6e-06
data/pilot/INTC_20260722.parquet,missing_counts,"{'timestamp': 0, 'ts_recv': 0, 'ts_event': 0, 'ts_recv_minus_ts_event_ms': 0, 'instrument': 0, 'sequence': 0, 'session_date': 0, 'in_continuous_session': 0, 'canonical_event_id': 0, 'raw_row_id': 0, 'src_row_first': 0, 'src_row_last': 0, 'n_records': 0, 'actions': 0, 'n_trades': 0, 'bid_price_1': 0, 'ask_price_1': 0, 'bid_size_1': 0, 'ask_size_1': 0, 'bid_price_1_int': 0, 'ask_price_1_int': 0, 'bid_price_2': 0, 'ask_price_2': 0, 'bid_size_2': 0, 'ask_size_2': 0, 'bid_price_2_int': 0, 'ask_price_2_int': 0, 'bid_price_3': 0, 'ask_price_3': 0, 'bid_size_3': 0, 'ask_size_3': 0, 'bid_price_3_int': 0, 'ask_price_3_int': 0, 'bid_price_4': 0, 'ask_price_4': 0, 'bid_size_4': 0, 'ask_size_4': 0, 'bid_price_4_int': 0, 'ask_price_4_int': 0, 'bid_price_5': 0, 'ask_price_5': 0, 'bid_size_5': 0, 'ask_size_5': 0, 'bid_price_5_int': 0, 'ask_price_5_int': 0, 'bid_price_6': 0, 'ask_price_6': 0, 'bid_size_6': 0, 'ask_size_6': 0, 'bid_price_6_int': 0, 'ask_price_6_int': 0, 'bid_price_7': 0, 'ask_price_7': 0, 'bid_size_7': 0, 'ask_size_7': 0, 'bid_price_7_int': 0, 'ask_price_7_int': 0, 'bid_price_8': 0, 'ask_price_8': 0, 'bid_size_8': 0, 'ask_size_8': 0, 'bid_price_8_int': 0, 'ask_price_8_int': 0, 'bid_price_9': 0, 'ask_price_9': 0, 'bid_size_9': 0, 'ask_size_9': 0, 'bid_price_9_int': 0, 'ask_price_9_int': 0, 'bid_price_10': 0, 'ask_price_10': 0, 'bid_size_10': 0, 'ask_size_10': 0, 'bid_price_10_int': 0, 'ask_price_10_int': 0, 'trade_price': 1938527, 'trade_size': 1938527, 'signed_trade_volume': 0, 'trade_side': 0, 'event_type': 0, 'book_clear': 0, 'F_SNAPSHOT': 0, 'F_MAYBE_BAD_BOOK': 0, 'F_BAD_TS_RECV': 0, 'integrity_break': 0, 'halt_boundary': 0}"
data/pilot/INTC_20260722.parquet,n_duplicate_rows,0
data/pilot/INTC_20260722.parquet,n_duplicate_timestamps,0
data/pilot/INTC_20260722.parquet,is_sorted,True
data/pilot/INTC_20260722.parquet,n_instruments,1
data/pilot/INTC_20260722.parquet,n_days,1
data/pilot/INTC_20260722.parquet,gap_ms_describe,"{'min': 6e-06, 'median': 0.074597, 'p90': 25.98387830000005, 'p99': 214.63551010000174, 'max': 1872.853659, 'n_negative': 0}"
data/pilot/INTC_20260722.parquet,n_crossed,0
data/pilot/INTC_20260722.parquet,n_locked,0
data/pilot/INTC_20260722.parquet,n_nonpositive_sizes,0
data/pilot/INTC_20260722.parquet,has_level2,True
data/pilot/INTC_20260722.parquet,has_trades,True
data/pilot/INTC_20260722.parquet,has_trade_side,True
data/pilot/INTC_20260722.parquet,has_event_type,True
data/pilot/INTC_20260722.parquet,notes,[]
data/pilot/INTC_20260723.parquet,n_rows,3306509
data/pilot/INTC_20260723.parquet,columns,"['timestamp', 'ts_recv', 'ts_event', 'ts_recv_minus_ts_event_ms', 'instrument', 'sequence', 'session_date', 'in_continuous_session', 'canonical_event_id', 'raw_row_id', 'src_row_first', 'src_row_last', 'n_records', 'actions', 'n_trades', 'bid_price_1', 'ask_price_1', 'bid_size_1', 'ask_size_1', 'bid_price_1_int', 'ask_price_1_int', 'bid_price_2', 'ask_price_2', 'bid_size_2', 'ask_size_2', 'bid_price_2_int', 'ask_price_2_int', 'bid_price_3', 'ask_price_3', 'bid_size_3', 'ask_size_3', 'bid_price_3_int', 'ask_price_3_int', 'bid_price_4', 'ask_price_4', 'bid_size_4', 'ask_size_4', 'bid_price_4_int', 'ask_price_4_int', 'bid_price_5', 'ask_price_5', 'bid_size_5', 'ask_size_5', 'bid_price_5_int', 'ask_price_5_int', 'bid_price_6', 'ask_price_6', 'bid_size_6', 'ask_size_6', 'bid_price_6_int', 'ask_price_6_int', 'bid_price_7', 'ask_price_7', 'bid_size_7', 'ask_size_7', 'bid_price_7_int', 'ask_price_7_int', 'bid_price_8', 'ask_price_8', 'bid_size_8', 'ask_size_8', 'bid_price_8_int', 'ask_price_8_int', 'bid_price_9', 'ask_price_9', 'bid_size_9', 'ask_size_9', 'bid_price_9_int', 'ask_price_9_int', 'bid_price_10', 'ask_price_10', 'bid_size_10', 'ask_size_10', 'bid_price_10_int', 'ask_price_10_int', 'trade_price', 'trade_size', 'signed_trade_volume', 'trade_side', 'event_type', 'book_clear', 'F_SNAPSHOT', 'F_MAYBE_BAD_BOOK', 'F_BAD_TS_RECV', 'integrity_break', 'halt_boundary']"
data/pilot/INTC_20260723.parquet,dtypes,"{'timestamp': 'datetime64[ns, UTC]', 'ts_recv': 'datetime64[ns, UTC]', 'ts_event': 'datetime64[ns, UTC]', 'ts_recv_minus_ts_event_ms': 'float64', 'instrument': 'object', 'sequence': 'uint32', 'session_date': 'object', 'in_continuous_session': 'bool', 'canonical_event_id': 'int64', 'raw_row_id': 'int64', 'src_row_first': 'int64', 'src_row_last': 'int64', 'n_records': 'int64', 'actions': 'object', 'n_trades': 'int64', 'bid_price_1': 'float64', 'ask_price_1': 'float64', 'bid_size_1': 'uint32', 'ask_size_1': 'uint32', 'bid_price_1_int': 'Int64', 'ask_price_1_int': 'Int64', 'bid_price_2': 'float64', 'ask_price_2': 'float64', 'bid_size_2': 'uint32', 'ask_size_2': 'uint32', 'bid_price_2_int': 'Int64', 'ask_price_2_int': 'Int64', 'bid_price_3': 'float64', 'ask_price_3': 'float64', 'bid_size_3': 'uint32', 'ask_size_3': 'uint32', 'bid_price_3_int': 'Int64', 'ask_price_3_int': 'Int64', 'bid_price_4': 'float64', 'ask_price_4': 'float64', 'bid_size_4': 'uint32', 'ask_size_4': 'uint32', 'bid_price_4_int': 'Int64', 'ask_price_4_int': 'Int64', 'bid_price_5': 'float64', 'ask_price_5': 'float64', 'bid_size_5': 'uint32', 'ask_size_5': 'uint32', 'bid_price_5_int': 'Int64', 'ask_price_5_int': 'Int64', 'bid_price_6': 'float64', 'ask_price_6': 'float64', 'bid_size_6': 'uint32', 'ask_size_6': 'uint32', 'bid_price_6_int': 'Int64', 'ask_price_6_int': 'Int64', 'bid_price_7': 'float64', 'ask_price_7': 'float64', 'bid_size_7': 'uint32', 'ask_size_7': 'uint32', 'bid_price_7_int': 'Int64', 'ask_price_7_int': 'Int64', 'bid_price_8': 'float64', 'ask_price_8': 'float64', 'bid_size_8': 'uint32', 'ask_size_8': 'uint32', 'bid_price_8_int': 'Int64', 'ask_price_8_int': 'Int64', 'bid_price_9': 'float64', 'ask_price_9': 'float64', 'bid_size_9': 'uint32', 'ask_size_9': 'uint32', 'bid_price_9_int': 'Int64', 'ask_price_9_int': 'Int64', 'bid_price_10': 'float64', 'ask_price_10': 'float64', 'bid_size_10': 'uint32', 'ask_size_10': 'uint32', 'bid_price_10_int': 'Int64', 'ask_price_10_int': 'Int64', 'trade_price': 'float64', 'trade_size': 'float64', 'signed_trade_volume': 'float64', 'trade_side': 'object', 'event_type': 'object', 'book_clear': 'bool', 'F_SNAPSHOT': 'bool', 'F_MAYBE_BAD_BOOK': 'bool', 'F_BAD_TS_RECV': 'bool', 'integrity_break': 'bool', 'halt_boundary': 'bool'}"
data/pilot/INTC_20260723.parquet,ts_min,2026-07-23 13:30:00.016339283+00:00
data/pilot/INTC_20260723.parquet,ts_max,2026-07-23 19:59:59.999625444+00:00
data/pilot/INTC_20260723.parquet,ts_resolution_ms,7e-06
data/pilot/INTC_20260723.parquet,missing_counts,"{'timestamp': 0, 'ts_recv': 0, 'ts_event': 0, 'ts_recv_minus_ts_event_ms': 0, 'instrument': 0, 'sequence': 0, 'session_date': 0, 'in_continuous_session': 0, 'canonical_event_id': 0, 'raw_row_id': 0, 'src_row_first': 0, 'src_row_last': 0, 'n_records': 0, 'actions': 0, 'n_trades': 0, 'bid_price_1': 0, 'ask_price_1': 0, 'bid_size_1': 0, 'ask_size_1': 0, 'bid_price_1_int': 0, 'ask_price_1_int': 0, 'bid_price_2': 0, 'ask_price_2': 0, 'bid_size_2': 0, 'ask_size_2': 0, 'bid_price_2_int': 0, 'ask_price_2_int': 0, 'bid_price_3': 0, 'ask_price_3': 0, 'bid_size_3': 0, 'ask_size_3': 0, 'bid_price_3_int': 0, 'ask_price_3_int': 0, 'bid_price_4': 0, 'ask_price_4': 0, 'bid_size_4': 0, 'ask_size_4': 0, 'bid_price_4_int': 0, 'ask_price_4_int': 0, 'bid_price_5': 0, 'ask_price_5': 0, 'bid_size_5': 0, 'ask_size_5': 0, 'bid_price_5_int': 0, 'ask_price_5_int': 0, 'bid_price_6': 0, 'ask_price_6': 0, 'bid_size_6': 0, 'ask_size_6': 0, 'bid_price_6_int': 0, 'ask_price_6_int': 0, 'bid_price_7': 0, 'ask_price_7': 0, 'bid_size_7': 0, 'ask_size_7': 0, 'bid_price_7_int': 0, 'ask_price_7_int': 0, 'bid_price_8': 0, 'ask_price_8': 0, 'bid_size_8': 0, 'ask_size_8': 0, 'bid_price_8_int': 0, 'ask_price_8_int': 0, 'bid_price_9': 0, 'ask_price_9': 0, 'bid_size_9': 0, 'ask_size_9': 0, 'bid_price_9_int': 0, 'ask_price_9_int': 0, 'bid_price_10': 0, 'ask_price_10': 0, 'bid_size_10': 0, 'ask_size_10': 0, 'bid_price_10_int': 0, 'ask_price_10_int': 0, 'trade_price': 3191182, 'trade_size': 3191182, 'signed_trade_volume': 0, 'trade_side': 0, 'event_type': 0, 'book_clear': 0, 'F_SNAPSHOT': 0, 'F_MAYBE_BAD_BOOK': 0, 'F_BAD_TS_RECV': 0, 'integrity_break': 0, 'halt_boundary': 0}"
data/pilot/INTC_20260723.parquet,n_duplicate_rows,0
data/pilot/INTC_20260723.parquet,n_duplicate_timestamps,0
data/pilot/INTC_20260723.parquet,is_sorted,True
data/pilot/INTC_20260723.parquet,n_instruments,1
data/pilot/INTC_20260723.parquet,n_days,1
data/pilot/INTC_20260723.parquet,gap_ms_describe,"{'min': 7e-06, 'median': 0.060091, 'p90': 16.598473200000015, 'p99': 124.62417899000009, 'max': 1509.145803, 'n_negative': 0}"
data/pilot/INTC_20260723.parquet,n_crossed,0
data/pilot/INTC_20260723.parquet,n_locked,0
data/pilot/INTC_20260723.parquet,n_nonpositive_sizes,0
data/pilot/INTC_20260723.parquet,has_level2,True
data/pilot/INTC_20260723.parquet,has_trades,True
data/pilot/INTC_20260723.parquet,has_trade_side,True
data/pilot/INTC_20260723.parquet,has_event_type,True
data/pilot/INTC_20260723.parquet,notes,[]
data/pilot/INTC_20260724.parquet,n_rows,4390458
data/pilot/INTC_20260724.parquet,columns,"['timestamp', 'ts_recv', 'ts_event', 'ts_recv_minus_ts_event_ms', 'instrument', 'sequence', 'session_date', 'in_continuous_session', 'canonical_event_id', 'raw_row_id', 'src_row_first', 'src_row_last', 'n_records', 'actions', 'n_trades', 'bid_price_1', 'ask_price_1', 'bid_size_1', 'ask_size_1', 'bid_price_1_int', 'ask_price_1_int', 'bid_price_2', 'ask_price_2', 'bid_size_2', 'ask_size_2', 'bid_price_2_int', 'ask_price_2_int', 'bid_price_3', 'ask_price_3', 'bid_size_3', 'ask_size_3', 'bid_price_3_int', 'ask_price_3_int', 'bid_price_4', 'ask_price_4', 'bid_size_4', 'ask_size_4', 'bid_price_4_int', 'ask_price_4_int', 'bid_price_5', 'ask_price_5', 'bid_size_5', 'ask_size_5', 'bid_price_5_int', 'ask_price_5_int', 'bid_price_6', 'ask_price_6', 'bid_size_6', 'ask_size_6', 'bid_price_6_int', 'ask_price_6_int', 'bid_price_7', 'ask_price_7', 'bid_size_7', 'ask_size_7', 'bid_price_7_int', 'ask_price_7_int', 'bid_price_8', 'ask_price_8', 'bid_size_8', 'ask_size_8', 'bid_price_8_int', 'ask_price_8_int', 'bid_price_9', 'ask_price_9', 'bid_size_9', 'ask_size_9', 'bid_price_9_int', 'ask_price_9_int', 'bid_price_10', 'ask_price_10', 'bid_size_10', 'ask_size_10', 'bid_price_10_int', 'ask_price_10_int', 'trade_price', 'trade_size', 'signed_trade_volume', 'trade_side', 'event_type', 'book_clear', 'F_SNAPSHOT', 'F_MAYBE_BAD_BOOK', 'F_BAD_TS_RECV', 'integrity_break', 'halt_boundary']"
data/pilot/INTC_20260724.parquet,dtypes,"{'timestamp': 'datetime64[ns, UTC]', 'ts_recv': 'datetime64[ns, UTC]', 'ts_event': 'datetime64[ns, UTC]', 'ts_recv_minus_ts_event_ms': 'float64', 'instrument': 'object', 'sequence': 'uint32', 'session_date': 'object', 'in_continuous_session': 'bool', 'canonical_event_id': 'int64', 'raw_row_id': 'int64', 'src_row_first': 'int64', 'src_row_last': 'int64', 'n_records': 'int64', 'actions': 'object', 'n_trades': 'int64', 'bid_price_1': 'float64', 'ask_price_1': 'float64', 'bid_size_1': 'uint32', 'ask_size_1': 'uint32', 'bid_price_1_int': 'Int64', 'ask_price_1_int': 'Int64', 'bid_price_2': 'float64', 'ask_price_2': 'float64', 'bid_size_2': 'uint32', 'ask_size_2': 'uint32', 'bid_price_2_int': 'Int64', 'ask_price_2_int': 'Int64', 'bid_price_3': 'float64', 'ask_price_3': 'float64', 'bid_size_3': 'uint32', 'ask_size_3': 'uint32', 'bid_price_3_int': 'Int64', 'ask_price_3_int': 'Int64', 'bid_price_4': 'float64', 'ask_price_4': 'float64', 'bid_size_4': 'uint32', 'ask_size_4': 'uint32', 'bid_price_4_int': 'Int64', 'ask_price_4_int': 'Int64', 'bid_price_5': 'float64', 'ask_price_5': 'float64', 'bid_size_5': 'uint32', 'ask_size_5': 'uint32', 'bid_price_5_int': 'Int64', 'ask_price_5_int': 'Int64', 'bid_price_6': 'float64', 'ask_price_6': 'float64', 'bid_size_6': 'uint32', 'ask_size_6': 'uint32', 'bid_price_6_int': 'Int64', 'ask_price_6_int': 'Int64', 'bid_price_7': 'float64', 'ask_price_7': 'float64', 'bid_size_7': 'uint32', 'ask_size_7': 'uint32', 'bid_price_7_int': 'Int64', 'ask_price_7_int': 'Int64', 'bid_price_8': 'float64', 'ask_price_8': 'float64', 'bid_size_8': 'uint32', 'ask_size_8': 'uint32', 'bid_price_8_int': 'Int64', 'ask_price_8_int': 'Int64', 'bid_price_9': 'float64', 'ask_price_9': 'float64', 'bid_size_9': 'uint32', 'ask_size_9': 'uint32', 'bid_price_9_int': 'Int64', 'ask_price_9_int': 'Int64', 'bid_price_10': 'float64', 'ask_price_10': 'float64', 'bid_size_10': 'uint32', 'ask_size_10': 'uint32', 'bid_price_10_int': 'Int64', 'ask_price_10_int': 'Int64', 'trade_price': 'float64', 'trade_size': 'float64', 'signed_trade_volume': 'float64', 'trade_side': 'object', 'event_type': 'object', 'book_clear': 'bool', 'F_SNAPSHOT': 'bool', 'F_MAYBE_BAD_BOOK': 'bool', 'F_BAD_TS_RECV': 'bool', 'integrity_break': 'bool', 'halt_boundary': 'bool'}"
data/pilot/INTC_20260724.parquet,ts_min,2026-07-24 13:30:00.002588146+00:00
data/pilot/INTC_20260724.parquet,ts_max,2026-07-24 19:59:59.997603032+00:00
data/pilot/INTC_20260724.parquet,ts_resolution_ms,1.2e-05
data/pilot/INTC_20260724.parquet,missing_counts,"{'timestamp': 0, 'ts_recv': 0, 'ts_event': 0, 'ts_recv_minus_ts_event_ms': 0, 'instrument': 0, 'sequence': 0, 'session_date': 0, 'in_continuous_session': 0, 'canonical_event_id': 0, 'raw_row_id': 0, 'src_row_first': 0, 'src_row_last': 0, 'n_records': 0, 'actions': 0, 'n_trades': 0, 'bid_price_1': 0, 'ask_price_1': 0, 'bid_size_1': 0, 'ask_size_1': 0, 'bid_price_1_int': 0, 'ask_price_1_int': 0, 'bid_price_2': 0, 'ask_price_2': 0, 'bid_size_2': 0, 'ask_size_2': 0, 'bid_price_2_int': 0, 'ask_price_2_int': 0, 'bid_price_3': 0, 'ask_price_3': 0, 'bid_size_3': 0, 'ask_size_3': 0, 'bid_price_3_int': 0, 'ask_price_3_int': 0, 'bid_price_4': 0, 'ask_price_4': 0, 'bid_size_4': 0, 'ask_size_4': 0, 'bid_price_4_int': 0, 'ask_price_4_int': 0, 'bid_price_5': 0, 'ask_price_5': 0, 'bid_size_5': 0, 'ask_size_5': 0, 'bid_price_5_int': 0, 'ask_price_5_int': 0, 'bid_price_6': 0, 'ask_price_6': 0, 'bid_size_6': 0, 'ask_size_6': 0, 'bid_price_6_int': 0, 'ask_price_6_int': 0, 'bid_price_7': 0, 'ask_price_7': 0, 'bid_size_7': 0, 'ask_size_7': 0, 'bid_price_7_int': 0, 'ask_price_7_int': 0, 'bid_price_8': 0, 'ask_price_8': 0, 'bid_size_8': 0, 'ask_size_8': 0, 'bid_price_8_int': 0, 'ask_price_8_int': 0, 'bid_price_9': 0, 'ask_price_9': 0, 'bid_size_9': 0, 'ask_size_9': 0, 'bid_price_9_int': 0, 'ask_price_9_int': 0, 'bid_price_10': 0, 'ask_price_10': 0, 'bid_size_10': 0, 'ask_size_10': 0, 'bid_price_10_int': 0, 'ask_price_10_int': 0, 'trade_price': 4197066, 'trade_size': 4197066, 'signed_trade_volume': 0, 'trade_side': 0, 'event_type': 0, 'book_clear': 0, 'F_SNAPSHOT': 0, 'F_MAYBE_BAD_BOOK': 0, 'F_BAD_TS_RECV': 0, 'integrity_break': 0, 'halt_boundary': 0}"
data/pilot/INTC_20260724.parquet,n_duplicate_rows,0
data/pilot/INTC_20260724.parquet,n_duplicate_timestamps,0
data/pilot/INTC_20260724.parquet,is_sorted,True
data/pilot/INTC_20260724.parquet,n_instruments,1
data/pilot/INTC_20260724.parquet,n_days,1
data/pilot/INTC_20260724.parquet,gap_ms_describe,"{'min': 1.2e-05, 'median': 0.030194, 'p90': 10.667344799999997, 'p99': 102.68815336000009, 'max': 1321.708893, 'n_negative': 0}"
data/pilot/INTC_20260724.parquet,n_crossed,0
data/pilot/INTC_20260724.parquet,n_locked,0
data/pilot/INTC_20260724.parquet,n_nonpositive_sizes,0
data/pilot/INTC_20260724.parquet,has_level2,True
data/pilot/INTC_20260724.parquet,has_trades,True
data/pilot/INTC_20260724.parquet,has_trade_side,True
data/pilot/INTC_20260724.parquet,has_event_type,True
data/pilot/INTC_20260724.parquet,notes,[]
data/pilot/INTC_20260727.parquet,n_rows,3887246
data/pilot/INTC_20260727.parquet,columns,"['timestamp', 'ts_recv', 'ts_event', 'ts_recv_minus_ts_event_ms', 'instrument', 'sequence', 'session_date', 'in_continuous_session', 'canonical_event_id', 'raw_row_id', 'src_row_first', 'src_row_last', 'n_records', 'actions', 'n_trades', 'bid_price_1', 'ask_price_1', 'bid_size_1', 'ask_size_1', 'bid_price_1_int', 'ask_price_1_int', 'bid_price_2', 'ask_price_2', 'bid_size_2', 'ask_size_2', 'bid_price_2_int', 'ask_price_2_int', 'bid_price_3', 'ask_price_3', 'bid_size_3', 'ask_size_3', 'bid_price_3_int', 'ask_price_3_int', 'bid_price_4', 'ask_price_4', 'bid_size_4', 'ask_size_4', 'bid_price_4_int', 'ask_price_4_int', 'bid_price_5', 'ask_price_5', 'bid_size_5', 'ask_size_5', 'bid_price_5_int', 'ask_price_5_int', 'bid_price_6', 'ask_price_6', 'bid_size_6', 'ask_size_6', 'bid_price_6_int', 'ask_price_6_int', 'bid_price_7', 'ask_price_7', 'bid_size_7', 'ask_size_7', 'bid_price_7_int', 'ask_price_7_int', 'bid_price_8', 'ask_price_8', 'bid_size_8', 'ask_size_8', 'bid_price_8_int', 'ask_price_8_int', 'bid_price_9', 'ask_price_9', 'bid_size_9', 'ask_size_9', 'bid_price_9_int', 'ask_price_9_int', 'bid_price_10', 'ask_price_10', 'bid_size_10', 'ask_size_10', 'bid_price_10_int', 'ask_price_10_int', 'trade_price', 'trade_size', 'signed_trade_volume', 'trade_side', 'event_type', 'book_clear', 'F_SNAPSHOT', 'F_MAYBE_BAD_BOOK', 'F_BAD_TS_RECV', 'integrity_break', 'halt_boundary']"
data/pilot/INTC_20260727.parquet,dtypes,"{'timestamp': 'datetime64[ns, UTC]', 'ts_recv': 'datetime64[ns, UTC]', 'ts_event': 'datetime64[ns, UTC]', 'ts_recv_minus_ts_event_ms': 'float64', 'instrument': 'object', 'sequence': 'uint32', 'session_date': 'object', 'in_continuous_session': 'bool', 'canonical_event_id': 'int64', 'raw_row_id': 'int64', 'src_row_first': 'int64', 'src_row_last': 'int64', 'n_records': 'int64', 'actions': 'object', 'n_trades': 'int64', 'bid_price_1': 'float64', 'ask_price_1': 'float64', 'bid_size_1': 'uint32', 'ask_size_1': 'uint32', 'bid_price_1_int': 'Int64', 'ask_price_1_int': 'Int64', 'bid_price_2': 'float64', 'ask_price_2': 'float64', 'bid_size_2': 'uint32', 'ask_size_2': 'uint32', 'bid_price_2_int': 'Int64', 'ask_price_2_int': 'Int64', 'bid_price_3': 'float64', 'ask_price_3': 'float64', 'bid_size_3': 'uint32', 'ask_size_3': 'uint32', 'bid_price_3_int': 'Int64', 'ask_price_3_int': 'Int64', 'bid_price_4': 'float64', 'ask_price_4': 'float64', 'bid_size_4': 'uint32', 'ask_size_4': 'uint32', 'bid_price_4_int': 'Int64', 'ask_price_4_int': 'Int64', 'bid_price_5': 'float64', 'ask_price_5': 'float64', 'bid_size_5': 'uint32', 'ask_size_5': 'uint32', 'bid_price_5_int': 'Int64', 'ask_price_5_int': 'Int64', 'bid_price_6': 'float64', 'ask_price_6': 'float64', 'bid_size_6': 'uint32', 'ask_size_6': 'uint32', 'bid_price_6_int': 'Int64', 'ask_price_6_int': 'Int64', 'bid_price_7': 'float64', 'ask_price_7': 'float64', 'bid_size_7': 'uint32', 'ask_size_7': 'uint32', 'bid_price_7_int': 'Int64', 'ask_price_7_int': 'Int64', 'bid_price_8': 'float64', 'ask_price_8': 'float64', 'bid_size_8': 'uint32', 'ask_size_8': 'uint32', 'bid_price_8_int': 'Int64', 'ask_price_8_int': 'Int64', 'bid_price_9': 'float64', 'ask_price_9': 'float64', 'bid_size_9': 'uint32', 'ask_size_9': 'uint32', 'bid_price_9_int': 'Int64', 'ask_price_9_int': 'Int64', 'bid_price_10': 'float64', 'ask_price_10': 'float64', 'bid_size_10': 'uint32', 'ask_size_10': 'uint32', 'bid_price_10_int': 'Int64', 'ask_price_10_int': 'Int64', 'trade_price': 'float64', 'trade_size': 'float64', 'signed_trade_volume': 'float64', 'trade_side': 'object', 'event_type': 'object', 'book_clear': 'bool', 'F_SNAPSHOT': 'bool', 'F_MAYBE_BAD_BOOK': 'bool', 'F_BAD_TS_RECV': 'bool', 'integrity_break': 'bool', 'halt_boundary': 'bool'}"
data/pilot/INTC_20260727.parquet,ts_min,2026-07-27 13:30:00.004522065+00:00
data/pilot/INTC_20260727.parquet,ts_max,2026-07-27 19:59:59.987868901+00:00
data/pilot/INTC_20260727.parquet,ts_resolution_ms,9e-06
data/pilot/INTC_20260727.parquet,missing_counts,"{'timestamp': 0, 'ts_recv': 0, 'ts_event': 0, 'ts_recv_minus_ts_event_ms': 0, 'instrument': 0, 'sequence': 0, 'session_date': 0, 'in_continuous_session': 0, 'canonical_event_id': 0, 'raw_row_id': 0, 'src_row_first': 0, 'src_row_last': 0, 'n_records': 0, 'actions': 0, 'n_trades': 0, 'bid_price_1': 0, 'ask_price_1': 0, 'bid_size_1': 0, 'ask_size_1': 0, 'bid_price_1_int': 0, 'ask_price_1_int': 0, 'bid_price_2': 0, 'ask_price_2': 0, 'bid_size_2': 0, 'ask_size_2': 0, 'bid_price_2_int': 0, 'ask_price_2_int': 0, 'bid_price_3': 0, 'ask_price_3': 0, 'bid_size_3': 0, 'ask_size_3': 0, 'bid_price_3_int': 0, 'ask_price_3_int': 0, 'bid_price_4': 0, 'ask_price_4': 0, 'bid_size_4': 0, 'ask_size_4': 0, 'bid_price_4_int': 0, 'ask_price_4_int': 0, 'bid_price_5': 0, 'ask_price_5': 0, 'bid_size_5': 0, 'ask_size_5': 0, 'bid_price_5_int': 0, 'ask_price_5_int': 0, 'bid_price_6': 0, 'ask_price_6': 0, 'bid_size_6': 0, 'ask_size_6': 0, 'bid_price_6_int': 0, 'ask_price_6_int': 0, 'bid_price_7': 0, 'ask_price_7': 0, 'bid_size_7': 0, 'ask_size_7': 0, 'bid_price_7_int': 0, 'ask_price_7_int': 0, 'bid_price_8': 0, 'ask_price_8': 0, 'bid_size_8': 0, 'ask_size_8': 0, 'bid_price_8_int': 0, 'ask_price_8_int': 0, 'bid_price_9': 0, 'ask_price_9': 0, 'bid_size_9': 0, 'ask_size_9': 0, 'bid_price_9_int': 0, 'ask_price_9_int': 0, 'bid_price_10': 0, 'ask_price_10': 0, 'bid_size_10': 0, 'ask_size_10': 0, 'bid_price_10_int': 0, 'ask_price_10_int': 0, 'trade_price': 3727381, 'trade_size': 3727381, 'signed_trade_volume': 0, 'trade_side': 0, 'event_type': 0, 'book_clear': 0, 'F_SNAPSHOT': 0, 'F_MAYBE_BAD_BOOK': 0, 'F_BAD_TS_RECV': 0, 'integrity_break': 0, 'halt_boundary': 0}"
data/pilot/INTC_20260727.parquet,n_duplicate_rows,0
data/pilot/INTC_20260727.parquet,n_duplicate_timestamps,0
data/pilot/INTC_20260727.parquet,is_sorted,True
data/pilot/INTC_20260727.parquet,n_instruments,1
data/pilot/INTC_20260727.parquet,n_days,1
data/pilot/INTC_20260727.parquet,gap_ms_describe,"{'min': 9e-06, 'median': 0.03577, 'p90': 12.702038600000009, 'p99': 110.64329620000008, 'max': 1870.626156, 'n_negative': 0}"
data/pilot/INTC_20260727.parquet,n_crossed,0
data/pilot/INTC_20260727.parquet,n_locked,0
data/pilot/INTC_20260727.parquet,n_nonpositive_sizes,0
data/pilot/INTC_20260727.parquet,has_level2,True
data/pilot/INTC_20260727.parquet,has_trades,True
data/pilot/INTC_20260727.parquet,has_trade_side,True
data/pilot/INTC_20260727.parquet,has_event_type,True
data/pilot/INTC_20260727.parquet,notes,[]
data/pilot/INTC_20260728.parquet,n_rows,4865432
data/pilot/INTC_20260728.parquet,columns,"['timestamp', 'ts_recv', 'ts_event', 'ts_recv_minus_ts_event_ms', 'instrument', 'sequence', 'session_date', 'in_continuous_session', 'canonical_event_id', 'raw_row_id', 'src_row_first', 'src_row_last', 'n_records', 'actions', 'n_trades', 'bid_price_1', 'ask_price_1', 'bid_size_1', 'ask_size_1', 'bid_price_1_int', 'ask_price_1_int', 'bid_price_2', 'ask_price_2', 'bid_size_2', 'ask_size_2', 'bid_price_2_int', 'ask_price_2_int', 'bid_price_3', 'ask_price_3', 'bid_size_3', 'ask_size_3', 'bid_price_3_int', 'ask_price_3_int', 'bid_price_4', 'ask_price_4', 'bid_size_4', 'ask_size_4', 'bid_price_4_int', 'ask_price_4_int', 'bid_price_5', 'ask_price_5', 'bid_size_5', 'ask_size_5', 'bid_price_5_int', 'ask_price_5_int', 'bid_price_6', 'ask_price_6', 'bid_size_6', 'ask_size_6', 'bid_price_6_int', 'ask_price_6_int', 'bid_price_7', 'ask_price_7', 'bid_size_7', 'ask_size_7', 'bid_price_7_int', 'ask_price_7_int', 'bid_price_8', 'ask_price_8', 'bid_size_8', 'ask_size_8', 'bid_price_8_int', 'ask_price_8_int', 'bid_price_9', 'ask_price_9', 'bid_size_9', 'ask_size_9', 'bid_price_9_int', 'ask_price_9_int', 'bid_price_10', 'ask_price_10', 'bid_size_10', 'ask_size_10', 'bid_price_10_int', 'ask_price_10_int', 'trade_price', 'trade_size', 'signed_trade_volume', 'trade_side', 'event_type', 'book_clear', 'F_SNAPSHOT', 'F_MAYBE_BAD_BOOK', 'F_BAD_TS_RECV', 'integrity_break', 'halt_boundary']"
data/pilot/INTC_20260728.parquet,dtypes,"{'timestamp': 'datetime64[ns, UTC]', 'ts_recv': 'datetime64[ns, UTC]', 'ts_event': 'datetime64[ns, UTC]', 'ts_recv_minus_ts_event_ms': 'float64', 'instrument': 'object', 'sequence': 'uint32', 'session_date': 'object', 'in_continuous_session': 'bool', 'canonical_event_id': 'int64', 'raw_row_id': 'int64', 'src_row_first': 'int64', 'src_row_last': 'int64', 'n_records': 'int64', 'actions': 'object', 'n_trades': 'int64', 'bid_price_1': 'float64', 'ask_price_1': 'float64', 'bid_size_1': 'uint32', 'ask_size_1': 'uint32', 'bid_price_1_int': 'Int64', 'ask_price_1_int': 'Int64', 'bid_price_2': 'float64', 'ask_price_2': 'float64', 'bid_size_2': 'uint32', 'ask_size_2': 'uint32', 'bid_price_2_int': 'Int64', 'ask_price_2_int': 'Int64', 'bid_price_3': 'float64', 'ask_price_3': 'float64', 'bid_size_3': 'uint32', 'ask_size_3': 'uint32', 'bid_price_3_int': 'Int64', 'ask_price_3_int': 'Int64', 'bid_price_4': 'float64', 'ask_price_4': 'float64', 'bid_size_4': 'uint32', 'ask_size_4': 'uint32', 'bid_price_4_int': 'Int64', 'ask_price_4_int': 'Int64', 'bid_price_5': 'float64', 'ask_price_5': 'float64', 'bid_size_5': 'uint32', 'ask_size_5': 'uint32', 'bid_price_5_int': 'Int64', 'ask_price_5_int': 'Int64', 'bid_price_6': 'float64', 'ask_price_6': 'float64', 'bid_size_6': 'uint32', 'ask_size_6': 'uint32', 'bid_price_6_int': 'Int64', 'ask_price_6_int': 'Int64', 'bid_price_7': 'float64', 'ask_price_7': 'float64', 'bid_size_7': 'uint32', 'ask_size_7': 'uint32', 'bid_price_7_int': 'Int64', 'ask_price_7_int': 'Int64', 'bid_price_8': 'float64', 'ask_price_8': 'float64', 'bid_size_8': 'uint32', 'ask_size_8': 'uint32', 'bid_price_8_int': 'Int64', 'ask_price_8_int': 'Int64', 'bid_price_9': 'float64', 'ask_price_9': 'float64', 'bid_size_9': 'uint32', 'ask_size_9': 'uint32', 'bid_price_9_int': 'Int64', 'ask_price_9_int': 'Int64', 'bid_price_10': 'float64', 'ask_price_10': 'float64', 'bid_size_10': 'uint32', 'ask_size_10': 'uint32', 'bid_price_10_int': 'Int64', 'ask_price_10_int': 'Int64', 'trade_price': 'float64', 'trade_size': 'float64', 'signed_trade_volume': 'float64', 'trade_side': 'object', 'event_type': 'object', 'book_clear': 'bool', 'F_SNAPSHOT': 'bool', 'F_MAYBE_BAD_BOOK': 'bool', 'F_BAD_TS_RECV': 'bool', 'integrity_break': 'bool', 'halt_boundary': 'bool'}"
data/pilot/INTC_20260728.parquet,ts_min,2026-07-28 13:30:00.005898696+00:00
data/pilot/INTC_20260728.parquet,ts_max,2026-07-28 19:59:59.997265800+00:00
data/pilot/INTC_20260728.parquet,ts_resolution_ms,9e-06
data/pilot/INTC_20260728.parquet,missing_counts,"{'timestamp': 0, 'ts_recv': 0, 'ts_event': 0, 'ts_recv_minus_ts_event_ms': 0, 'instrument': 0, 'sequence': 0, 'session_date': 0, 'in_continuous_session': 0, 'canonical_event_id': 0, 'raw_row_id': 0, 'src_row_first': 0, 'src_row_last': 0, 'n_records': 0, 'actions': 0, 'n_trades': 0, 'bid_price_1': 0, 'ask_price_1': 0, 'bid_size_1': 0, 'ask_size_1': 0, 'bid_price_1_int': 0, 'ask_price_1_int': 0, 'bid_price_2': 0, 'ask_price_2': 0, 'bid_size_2': 0, 'ask_size_2': 0, 'bid_price_2_int': 0, 'ask_price_2_int': 0, 'bid_price_3': 0, 'ask_price_3': 0, 'bid_size_3': 0, 'ask_size_3': 0, 'bid_price_3_int': 0, 'ask_price_3_int': 0, 'bid_price_4': 0, 'ask_price_4': 0, 'bid_size_4': 0, 'ask_size_4': 0, 'bid_price_4_int': 0, 'ask_price_4_int': 0, 'bid_price_5': 0, 'ask_price_5': 0, 'bid_size_5': 0, 'ask_size_5': 0, 'bid_price_5_int': 0, 'ask_price_5_int': 0, 'bid_price_6': 0, 'ask_price_6': 0, 'bid_size_6': 0, 'ask_size_6': 0, 'bid_price_6_int': 0, 'ask_price_6_int': 0, 'bid_price_7': 0, 'ask_price_7': 0, 'bid_size_7': 0, 'ask_size_7': 0, 'bid_price_7_int': 0, 'ask_price_7_int': 0, 'bid_price_8': 0, 'ask_price_8': 0, 'bid_size_8': 0, 'ask_size_8': 0, 'bid_price_8_int': 0, 'ask_price_8_int': 0, 'bid_price_9': 0, 'ask_price_9': 0, 'bid_size_9': 0, 'ask_size_9': 0, 'bid_price_9_int': 0, 'ask_price_9_int': 0, 'bid_price_10': 0, 'ask_price_10': 0, 'bid_size_10': 0, 'ask_size_10': 0, 'bid_price_10_int': 0, 'ask_price_10_int': 0, 'trade_price': 4657164, 'trade_size': 4657164, 'signed_trade_volume': 0, 'trade_side': 0, 'event_type': 0, 'book_clear': 0, 'F_SNAPSHOT': 0, 'F_MAYBE_BAD_BOOK': 0, 'F_BAD_TS_RECV': 0, 'integrity_break': 0, 'halt_boundary': 0}"
data/pilot/INTC_20260728.parquet,n_duplicate_rows,0
data/pilot/INTC_20260728.parquet,n_duplicate_timestamps,0
data/pilot/INTC_20260728.parquet,is_sorted,True
data/pilot/INTC_20260728.parquet,n_instruments,1
data/pilot/INTC_20260728.parquet,n_days,1
data/pilot/INTC_20260728.parquet,gap_ms_describe,"{'min': 9e-06, 'median': 0.028364, 'p90': 8.429773, 'p99': 98.10068630000005, 'max': 1467.066674, 'n_negative': 0}"
data/pilot/INTC_20260728.parquet,n_crossed,0
data/pilot/INTC_20260728.parquet,n_locked,0
data/pilot/INTC_20260728.parquet,n_nonpositive_sizes,0
data/pilot/INTC_20260728.parquet,has_level2,True
data/pilot/INTC_20260728.parquet,has_trades,True
data/pilot/INTC_20260728.parquet,has_trade_side,True
data/pilot/INTC_20260728.parquet,has_event_type,True
data/pilot/INTC_20260728.parquet,notes,[]
data/pilot/INTC_20260729.parquet,n_rows,5002622
data/pilot/INTC_20260729.parquet,columns,"['timestamp', 'ts_recv', 'ts_event', 'ts_recv_minus_ts_event_ms', 'instrument', 'sequence', 'session_date', 'in_continuous_session', 'canonical_event_id', 'raw_row_id', 'src_row_first', 'src_row_last', 'n_records', 'actions', 'n_trades', 'bid_price_1', 'ask_price_1', 'bid_size_1', 'ask_size_1', 'bid_price_1_int', 'ask_price_1_int', 'bid_price_2', 'ask_price_2', 'bid_size_2', 'ask_size_2', 'bid_price_2_int', 'ask_price_2_int', 'bid_price_3', 'ask_price_3', 'bid_size_3', 'ask_size_3', 'bid_price_3_int', 'ask_price_3_int', 'bid_price_4', 'ask_price_4', 'bid_size_4', 'ask_size_4', 'bid_price_4_int', 'ask_price_4_int', 'bid_price_5', 'ask_price_5', 'bid_size_5', 'ask_size_5', 'bid_price_5_int', 'ask_price_5_int', 'bid_price_6', 'ask_price_6', 'bid_size_6', 'ask_size_6', 'bid_price_6_int', 'ask_price_6_int', 'bid_price_7', 'ask_price_7', 'bid_size_7', 'ask_size_7', 'bid_price_7_int', 'ask_price_7_int', 'bid_price_8', 'ask_price_8', 'bid_size_8', 'ask_size_8', 'bid_price_8_int', 'ask_price_8_int', 'bid_price_9', 'ask_price_9', 'bid_size_9', 'ask_size_9', 'bid_price_9_int', 'ask_price_9_int', 'bid_price_10', 'ask_price_10', 'bid_size_10', 'ask_size_10', 'bid_price_10_int', 'ask_price_10_int', 'trade_price', 'trade_size', 'signed_trade_volume', 'trade_side', 'event_type', 'book_clear', 'F_SNAPSHOT', 'F_MAYBE_BAD_BOOK', 'F_BAD_TS_RECV', 'integrity_break', 'halt_boundary']"
data/pilot/INTC_20260729.parquet,dtypes,"{'timestamp': 'datetime64[ns, UTC]', 'ts_recv': 'datetime64[ns, UTC]', 'ts_event': 'datetime64[ns, UTC]', 'ts_recv_minus_ts_event_ms': 'float64', 'instrument': 'object', 'sequence': 'uint32', 'session_date': 'object', 'in_continuous_session': 'bool', 'canonical_event_id': 'int64', 'raw_row_id': 'int64', 'src_row_first': 'int64', 'src_row_last': 'int64', 'n_records': 'int64', 'actions': 'object', 'n_trades': 'int64', 'bid_price_1': 'float64', 'ask_price_1': 'float64', 'bid_size_1': 'uint32', 'ask_size_1': 'uint32', 'bid_price_1_int': 'Int64', 'ask_price_1_int': 'Int64', 'bid_price_2': 'float64', 'ask_price_2': 'float64', 'bid_size_2': 'uint32', 'ask_size_2': 'uint32', 'bid_price_2_int': 'Int64', 'ask_price_2_int': 'Int64', 'bid_price_3': 'float64', 'ask_price_3': 'float64', 'bid_size_3': 'uint32', 'ask_size_3': 'uint32', 'bid_price_3_int': 'Int64', 'ask_price_3_int': 'Int64', 'bid_price_4': 'float64', 'ask_price_4': 'float64', 'bid_size_4': 'uint32', 'ask_size_4': 'uint32', 'bid_price_4_int': 'Int64', 'ask_price_4_int': 'Int64', 'bid_price_5': 'float64', 'ask_price_5': 'float64', 'bid_size_5': 'uint32', 'ask_size_5': 'uint32', 'bid_price_5_int': 'Int64', 'ask_price_5_int': 'Int64', 'bid_price_6': 'float64', 'ask_price_6': 'float64', 'bid_size_6': 'uint32', 'ask_size_6': 'uint32', 'bid_price_6_int': 'Int64', 'ask_price_6_int': 'Int64', 'bid_price_7': 'float64', 'ask_price_7': 'float64', 'bid_size_7': 'uint32', 'ask_size_7': 'uint32', 'bid_price_7_int': 'Int64', 'ask_price_7_int': 'Int64', 'bid_price_8': 'float64', 'ask_price_8': 'float64', 'bid_size_8': 'uint32', 'ask_size_8': 'uint32', 'bid_price_8_int': 'Int64', 'ask_price_8_int': 'Int64', 'bid_price_9': 'float64', 'ask_price_9': 'float64', 'bid_size_9': 'uint32', 'ask_size_9': 'uint32', 'bid_price_9_int': 'Int64', 'ask_price_9_int': 'Int64', 'bid_price_10': 'float64', 'ask_price_10': 'float64', 'bid_size_10': 'uint32', 'ask_size_10': 'uint32', 'bid_price_10_int': 'Int64', 'ask_price_10_int': 'Int64', 'trade_price': 'float64', 'trade_size': 'float64', 'signed_trade_volume': 'float64', 'trade_side': 'object', 'event_type': 'object', 'book_clear': 'bool', 'F_SNAPSHOT': 'bool', 'F_MAYBE_BAD_BOOK': 'bool', 'F_BAD_TS_RECV': 'bool', 'integrity_break': 'bool', 'halt_boundary': 'bool'}"
data/pilot/INTC_20260729.parquet,ts_min,2026-07-29 13:30:00.001297255+00:00
data/pilot/INTC_20260729.parquet,ts_max,2026-07-29 19:59:59.999991305+00:00
data/pilot/INTC_20260729.parquet,ts_resolution_ms,1.3e-05
data/pilot/INTC_20260729.parquet,missing_counts,"{'timestamp': 0, 'ts_recv': 0, 'ts_event': 0, 'ts_recv_minus_ts_event_ms': 0, 'instrument': 0, 'sequence': 0, 'session_date': 0, 'in_continuous_session': 0, 'canonical_event_id': 0, 'raw_row_id': 0, 'src_row_first': 0, 'src_row_last': 0, 'n_records': 0, 'actions': 0, 'n_trades': 0, 'bid_price_1': 0, 'ask_price_1': 0, 'bid_size_1': 0, 'ask_size_1': 0, 'bid_price_1_int': 0, 'ask_price_1_int': 0, 'bid_price_2': 0, 'ask_price_2': 0, 'bid_size_2': 0, 'ask_size_2': 0, 'bid_price_2_int': 0, 'ask_price_2_int': 0, 'bid_price_3': 0, 'ask_price_3': 0, 'bid_size_3': 0, 'ask_size_3': 0, 'bid_price_3_int': 0, 'ask_price_3_int': 0, 'bid_price_4': 0, 'ask_price_4': 0, 'bid_size_4': 0, 'ask_size_4': 0, 'bid_price_4_int': 0, 'ask_price_4_int': 0, 'bid_price_5': 0, 'ask_price_5': 0, 'bid_size_5': 0, 'ask_size_5': 0, 'bid_price_5_int': 0, 'ask_price_5_int': 0, 'bid_price_6': 0, 'ask_price_6': 0, 'bid_size_6': 0, 'ask_size_6': 0, 'bid_price_6_int': 0, 'ask_price_6_int': 0, 'bid_price_7': 0, 'ask_price_7': 0, 'bid_size_7': 0, 'ask_size_7': 0, 'bid_price_7_int': 0, 'ask_price_7_int': 0, 'bid_price_8': 0, 'ask_price_8': 0, 'bid_size_8': 0, 'ask_size_8': 0, 'bid_price_8_int': 0, 'ask_price_8_int': 0, 'bid_price_9': 0, 'ask_price_9': 0, 'bid_size_9': 0, 'ask_size_9': 0, 'bid_price_9_int': 0, 'ask_price_9_int': 0, 'bid_price_10': 0, 'ask_price_10': 0, 'bid_size_10': 0, 'ask_size_10': 0, 'bid_price_10_int': 0, 'ask_price_10_int': 0, 'trade_price': 4833561, 'trade_size': 4833561, 'signed_trade_volume': 0, 'trade_side': 0, 'event_type': 0, 'book_clear': 0, 'F_SNAPSHOT': 0, 'F_MAYBE_BAD_BOOK': 0, 'F_BAD_TS_RECV': 0, 'integrity_break': 0, 'halt_boundary': 0}"
data/pilot/INTC_20260729.parquet,n_duplicate_rows,0
data/pilot/INTC_20260729.parquet,n_duplicate_timestamps,0
data/pilot/INTC_20260729.parquet,is_sorted,True
data/pilot/INTC_20260729.parquet,n_instruments,1
data/pilot/INTC_20260729.parquet,n_days,1
data/pilot/INTC_20260729.parquet,gap_ms_describe,"{'min': 1.3e-05, 'median': 0.043469, 'p90': 10.483561, 'p99': 83.89712499999993, 'max': 1321.593264, 'n_negative': 0}"
data/pilot/INTC_20260729.parquet,n_crossed,0
data/pilot/INTC_20260729.parquet,n_locked,0
data/pilot/INTC_20260729.parquet,n_nonpositive_sizes,0
data/pilot/INTC_20260729.parquet,has_level2,True
data/pilot/INTC_20260729.parquet,has_trades,True
data/pilot/INTC_20260729.parquet,has_trade_side,True
data/pilot/INTC_20260729.parquet,has_event_type,True
data/pilot/INTC_20260729.parquet,notes,[]
data/pilot/INTC_20260730.parquet,n_rows,4125363
data/pilot/INTC_20260730.parquet,columns,"['timestamp', 'ts_recv', 'ts_event', 'ts_recv_minus_ts_event_ms', 'instrument', 'sequence', 'session_date', 'in_continuous_session', 'canonical_event_id', 'raw_row_id', 'src_row_first', 'src_row_last', 'n_records', 'actions', 'n_trades', 'bid_price_1', 'ask_price_1', 'bid_size_1', 'ask_size_1', 'bid_price_1_int', 'ask_price_1_int', 'bid_price_2', 'ask_price_2', 'bid_size_2', 'ask_size_2', 'bid_price_2_int', 'ask_price_2_int', 'bid_price_3', 'ask_price_3', 'bid_size_3', 'ask_size_3', 'bid_price_3_int', 'ask_price_3_int', 'bid_price_4', 'ask_price_4', 'bid_size_4', 'ask_size_4', 'bid_price_4_int', 'ask_price_4_int', 'bid_price_5', 'ask_price_5', 'bid_size_5', 'ask_size_5', 'bid_price_5_int', 'ask_price_5_int', 'bid_price_6', 'ask_price_6', 'bid_size_6', 'ask_size_6', 'bid_price_6_int', 'ask_price_6_int', 'bid_price_7', 'ask_price_7', 'bid_size_7', 'ask_size_7', 'bid_price_7_int', 'ask_price_7_int', 'bid_price_8', 'ask_price_8', 'bid_size_8', 'ask_size_8', 'bid_price_8_int', 'ask_price_8_int', 'bid_price_9', 'ask_price_9', 'bid_size_9', 'ask_size_9', 'bid_price_9_int', 'ask_price_9_int', 'bid_price_10', 'ask_price_10', 'bid_size_10', 'ask_size_10', 'bid_price_10_int', 'ask_price_10_int', 'trade_price', 'trade_size', 'signed_trade_volume', 'trade_side', 'event_type', 'book_clear', 'F_SNAPSHOT', 'F_MAYBE_BAD_BOOK', 'F_BAD_TS_RECV', 'integrity_break', 'halt_boundary']"
data/pilot/INTC_20260730.parquet,dtypes,"{'timestamp': 'datetime64[ns, UTC]', 'ts_recv': 'datetime64[ns, UTC]', 'ts_event': 'datetime64[ns, UTC]', 'ts_recv_minus_ts_event_ms': 'float64', 'instrument': 'object', 'sequence': 'uint32', 'session_date': 'object', 'in_continuous_session': 'bool', 'canonical_event_id': 'int64', 'raw_row_id': 'int64', 'src_row_first': 'int64', 'src_row_last': 'int64', 'n_records': 'int64', 'actions': 'object', 'n_trades': 'int64', 'bid_price_1': 'float64', 'ask_price_1': 'float64', 'bid_size_1': 'uint32', 'ask_size_1': 'uint32', 'bid_price_1_int': 'Int64', 'ask_price_1_int': 'Int64', 'bid_price_2': 'float64', 'ask_price_2': 'float64', 'bid_size_2': 'uint32', 'ask_size_2': 'uint32', 'bid_price_2_int': 'Int64', 'ask_price_2_int': 'Int64', 'bid_price_3': 'float64', 'ask_price_3': 'float64', 'bid_size_3': 'uint32', 'ask_size_3': 'uint32', 'bid_price_3_int': 'Int64', 'ask_price_3_int': 'Int64', 'bid_price_4': 'float64', 'ask_price_4': 'float64', 'bid_size_4': 'uint32', 'ask_size_4': 'uint32', 'bid_price_4_int': 'Int64', 'ask_price_4_int': 'Int64', 'bid_price_5': 'float64', 'ask_price_5': 'float64', 'bid_size_5': 'uint32', 'ask_size_5': 'uint32', 'bid_price_5_int': 'Int64', 'ask_price_5_int': 'Int64', 'bid_price_6': 'float64', 'ask_price_6': 'float64', 'bid_size_6': 'uint32', 'ask_size_6': 'uint32', 'bid_price_6_int': 'Int64', 'ask_price_6_int': 'Int64', 'bid_price_7': 'float64', 'ask_price_7': 'float64', 'bid_size_7': 'uint32', 'ask_size_7': 'uint32', 'bid_price_7_int': 'Int64', 'ask_price_7_int': 'Int64', 'bid_price_8': 'float64', 'ask_price_8': 'float64', 'bid_size_8': 'uint32', 'ask_size_8': 'uint32', 'bid_price_8_int': 'Int64', 'ask_price_8_int': 'Int64', 'bid_price_9': 'float64', 'ask_price_9': 'float64', 'bid_size_9': 'uint32', 'ask_size_9': 'uint32', 'bid_price_9_int': 'Int64', 'ask_price_9_int': 'Int64', 'bid_price_10': 'float64', 'ask_price_10': 'float64', 'bid_size_10': 'uint32', 'ask_size_10': 'uint32', 'bid_price_10_int': 'Int64', 'ask_price_10_int': 'Int64', 'trade_price': 'float64', 'trade_size': 'float64', 'signed_trade_volume': 'float64', 'trade_side': 'object', 'event_type': 'object', 'book_clear': 'bool', 'F_SNAPSHOT': 'bool', 'F_MAYBE_BAD_BOOK': 'bool', 'F_BAD_TS_RECV': 'bool', 'integrity_break': 'bool', 'halt_boundary': 'bool'}"
data/pilot/INTC_20260730.parquet,ts_min,2026-07-30 13:30:00.006096799+00:00
data/pilot/INTC_20260730.parquet,ts_max,2026-07-30 19:59:59.996828513+00:00
data/pilot/INTC_20260730.parquet,ts_resolution_ms,9e-06
data/pilot/INTC_20260730.parquet,missing_counts,"{'timestamp': 0, 'ts_recv': 0, 'ts_event': 0, 'ts_recv_minus_ts_event_ms': 0, 'instrument': 0, 'sequence': 0, 'session_date': 0, 'in_continuous_session': 0, 'canonical_event_id': 0, 'raw_row_id': 0, 'src_row_first': 0, 'src_row_last': 0, 'n_records': 0, 'actions': 0, 'n_trades': 0, 'bid_price_1': 0, 'ask_price_1': 0, 'bid_size_1': 0, 'ask_size_1': 0, 'bid_price_1_int': 0, 'ask_price_1_int': 0, 'bid_price_2': 0, 'ask_price_2': 0, 'bid_size_2': 0, 'ask_size_2': 0, 'bid_price_2_int': 0, 'ask_price_2_int': 0, 'bid_price_3': 0, 'ask_price_3': 0, 'bid_size_3': 0, 'ask_size_3': 0, 'bid_price_3_int': 0, 'ask_price_3_int': 0, 'bid_price_4': 0, 'ask_price_4': 0, 'bid_size_4': 0, 'ask_size_4': 0, 'bid_price_4_int': 0, 'ask_price_4_int': 0, 'bid_price_5': 0, 'ask_price_5': 0, 'bid_size_5': 0, 'ask_size_5': 0, 'bid_price_5_int': 0, 'ask_price_5_int': 0, 'bid_price_6': 0, 'ask_price_6': 0, 'bid_size_6': 0, 'ask_size_6': 0, 'bid_price_6_int': 0, 'ask_price_6_int': 0, 'bid_price_7': 0, 'ask_price_7': 0, 'bid_size_7': 0, 'ask_size_7': 0, 'bid_price_7_int': 0, 'ask_price_7_int': 0, 'bid_price_8': 0, 'ask_price_8': 0, 'bid_size_8': 0, 'ask_size_8': 0, 'bid_price_8_int': 0, 'ask_price_8_int': 0, 'bid_price_9': 0, 'ask_price_9': 0, 'bid_size_9': 0, 'ask_size_9': 0, 'bid_price_9_int': 0, 'ask_price_9_int': 0, 'bid_price_10': 0, 'ask_price_10': 0, 'bid_size_10': 0, 'ask_size_10': 0, 'bid_price_10_int': 0, 'ask_price_10_int': 0, 'trade_price': 3969091, 'trade_size': 3969091, 'signed_trade_volume': 0, 'trade_side': 0, 'event_type': 0, 'book_clear': 0, 'F_SNAPSHOT': 0, 'F_MAYBE_BAD_BOOK': 0, 'F_BAD_TS_RECV': 0, 'integrity_break': 0, 'halt_boundary': 0}"
data/pilot/INTC_20260730.parquet,n_duplicate_rows,0
data/pilot/INTC_20260730.parquet,n_duplicate_timestamps,0
data/pilot/INTC_20260730.parquet,is_sorted,True
data/pilot/INTC_20260730.parquet,n_instruments,1
data/pilot/INTC_20260730.parquet,n_days,1
data/pilot/INTC_20260730.parquet,gap_ms_describe,"{'min': 9e-06, 'median': 0.032593, 'p90': 10.983985099999998, 'p99': 108.88490880000002, 'max': 1644.877153, 'n_negative': 0}"
data/pilot/INTC_20260730.parquet,n_crossed,0
data/pilot/INTC_20260730.parquet,n_locked,0
data/pilot/INTC_20260730.parquet,n_nonpositive_sizes,0
data/pilot/INTC_20260730.parquet,has_level2,True
data/pilot/INTC_20260730.parquet,has_trades,True
data/pilot/INTC_20260730.parquet,has_trade_side,True
data/pilot/INTC_20260730.parquet,has_event_type,True
data/pilot/INTC_20260730.parquet,notes,[]
data/pilot/INTC_20260731.parquet,n_rows,4288077
data/pilot/INTC_20260731.parquet,columns,"['timestamp', 'ts_recv', 'ts_event', 'ts_recv_minus_ts_event_ms', 'instrument', 'sequence', 'session_date', 'in_continuous_session', 'canonical_event_id', 'raw_row_id', 'src_row_first', 'src_row_last', 'n_records', 'actions', 'n_trades', 'bid_price_1', 'ask_price_1', 'bid_size_1', 'ask_size_1', 'bid_price_1_int', 'ask_price_1_int', 'bid_price_2', 'ask_price_2', 'bid_size_2', 'ask_size_2', 'bid_price_2_int', 'ask_price_2_int', 'bid_price_3', 'ask_price_3', 'bid_size_3', 'ask_size_3', 'bid_price_3_int', 'ask_price_3_int', 'bid_price_4', 'ask_price_4', 'bid_size_4', 'ask_size_4', 'bid_price_4_int', 'ask_price_4_int', 'bid_price_5', 'ask_price_5', 'bid_size_5', 'ask_size_5', 'bid_price_5_int', 'ask_price_5_int', 'bid_price_6', 'ask_price_6', 'bid_size_6', 'ask_size_6', 'bid_price_6_int', 'ask_price_6_int', 'bid_price_7', 'ask_price_7', 'bid_size_7', 'ask_size_7', 'bid_price_7_int', 'ask_price_7_int', 'bid_price_8', 'ask_price_8', 'bid_size_8', 'ask_size_8', 'bid_price_8_int', 'ask_price_8_int', 'bid_price_9', 'ask_price_9', 'bid_size_9', 'ask_size_9', 'bid_price_9_int', 'ask_price_9_int', 'bid_price_10', 'ask_price_10', 'bid_size_10', 'ask_size_10', 'bid_price_10_int', 'ask_price_10_int', 'trade_price', 'trade_size', 'signed_trade_volume', 'trade_side', 'event_type', 'book_clear', 'F_SNAPSHOT', 'F_MAYBE_BAD_BOOK', 'F_BAD_TS_RECV', 'integrity_break', 'halt_boundary']"
data/pilot/INTC_20260731.parquet,dtypes,"{'timestamp': 'datetime64[ns, UTC]', 'ts_recv': 'datetime64[ns, UTC]', 'ts_event': 'datetime64[ns, UTC]', 'ts_recv_minus_ts_event_ms': 'float64', 'instrument': 'object', 'sequence': 'uint32', 'session_date': 'object', 'in_continuous_session': 'bool', 'canonical_event_id': 'int64', 'raw_row_id': 'int64', 'src_row_first': 'int64', 'src_row_last': 'int64', 'n_records': 'int64', 'actions': 'object', 'n_trades': 'int64', 'bid_price_1': 'float64', 'ask_price_1': 'float64', 'bid_size_1': 'uint32', 'ask_size_1': 'uint32', 'bid_price_1_int': 'Int64', 'ask_price_1_int': 'Int64', 'bid_price_2': 'float64', 'ask_price_2': 'float64', 'bid_size_2': 'uint32', 'ask_size_2': 'uint32', 'bid_price_2_int': 'Int64', 'ask_price_2_int': 'Int64', 'bid_price_3': 'float64', 'ask_price_3': 'float64', 'bid_size_3': 'uint32', 'ask_size_3': 'uint32', 'bid_price_3_int': 'Int64', 'ask_price_3_int': 'Int64', 'bid_price_4': 'float64', 'ask_price_4': 'float64', 'bid_size_4': 'uint32', 'ask_size_4': 'uint32', 'bid_price_4_int': 'Int64', 'ask_price_4_int': 'Int64', 'bid_price_5': 'float64', 'ask_price_5': 'float64', 'bid_size_5': 'uint32', 'ask_size_5': 'uint32', 'bid_price_5_int': 'Int64', 'ask_price_5_int': 'Int64', 'bid_price_6': 'float64', 'ask_price_6': 'float64', 'bid_size_6': 'uint32', 'ask_size_6': 'uint32', 'bid_price_6_int': 'Int64', 'ask_price_6_int': 'Int64', 'bid_price_7': 'float64', 'ask_price_7': 'float64', 'bid_size_7': 'uint32', 'ask_size_7': 'uint32', 'bid_price_7_int': 'Int64', 'ask_price_7_int': 'Int64', 'bid_price_8': 'float64', 'ask_price_8': 'float64', 'bid_size_8': 'uint32', 'ask_size_8': 'uint32', 'bid_price_8_int': 'Int64', 'ask_price_8_int': 'Int64', 'bid_price_9': 'float64', 'ask_price_9': 'float64', 'bid_size_9': 'uint32', 'ask_size_9': 'uint32', 'bid_price_9_int': 'Int64', 'ask_price_9_int': 'Int64', 'bid_price_10': 'float64', 'ask_price_10': 'float64', 'bid_size_10': 'uint32', 'ask_size_10': 'uint32', 'bid_price_10_int': 'Int64', 'ask_price_10_int': 'Int64', 'trade_price': 'float64', 'trade_size': 'float64', 'signed_trade_volume': 'float64', 'trade_side': 'object', 'event_type': 'object', 'book_clear': 'bool', 'F_SNAPSHOT': 'bool', 'F_MAYBE_BAD_BOOK': 'bool', 'F_BAD_TS_RECV': 'bool', 'integrity_break': 'bool', 'halt_boundary': 'bool'}"
data/pilot/INTC_20260731.parquet,ts_min,2026-07-31 13:30:00.002598602+00:00
data/pilot/INTC_20260731.parquet,ts_max,2026-07-31 19:59:59.998563039+00:00
data/pilot/INTC_20260731.parquet,ts_resolution_ms,6e-06
data/pilot/INTC_20260731.parquet,missing_counts,"{'timestamp': 0, 'ts_recv': 0, 'ts_event': 0, 'ts_recv_minus_ts_event_ms': 0, 'instrument': 0, 'sequence': 0, 'session_date': 0, 'in_continuous_session': 0, 'canonical_event_id': 0, 'raw_row_id': 0, 'src_row_first': 0, 'src_row_last': 0, 'n_records': 0, 'actions': 0, 'n_trades': 0, 'bid_price_1': 0, 'ask_price_1': 0, 'bid_size_1': 0, 'ask_size_1': 0, 'bid_price_1_int': 0, 'ask_price_1_int': 0, 'bid_price_2': 0, 'ask_price_2': 0, 'bid_size_2': 0, 'ask_size_2': 0, 'bid_price_2_int': 0, 'ask_price_2_int': 0, 'bid_price_3': 0, 'ask_price_3': 0, 'bid_size_3': 0, 'ask_size_3': 0, 'bid_price_3_int': 0, 'ask_price_3_int': 0, 'bid_price_4': 0, 'ask_price_4': 0, 'bid_size_4': 0, 'ask_size_4': 0, 'bid_price_4_int': 0, 'ask_price_4_int': 0, 'bid_price_5': 0, 'ask_price_5': 0, 'bid_size_5': 0, 'ask_size_5': 0, 'bid_price_5_int': 0, 'ask_price_5_int': 0, 'bid_price_6': 0, 'ask_price_6': 0, 'bid_size_6': 0, 'ask_size_6': 0, 'bid_price_6_int': 0, 'ask_price_6_int': 0, 'bid_price_7': 0, 'ask_price_7': 0, 'bid_size_7': 0, 'ask_size_7': 0, 'bid_price_7_int': 0, 'ask_price_7_int': 0, 'bid_price_8': 0, 'ask_price_8': 0, 'bid_size_8': 0, 'ask_size_8': 0, 'bid_price_8_int': 0, 'ask_price_8_int': 0, 'bid_price_9': 0, 'ask_price_9': 0, 'bid_size_9': 0, 'ask_size_9': 0, 'bid_price_9_int': 0, 'ask_price_9_int': 0, 'bid_price_10': 0, 'ask_price_10': 0, 'bid_size_10': 0, 'ask_size_10': 0, 'bid_price_10_int': 0, 'ask_price_10_int': 0, 'trade_price': 4145548, 'trade_size': 4145548, 'signed_trade_volume': 0, 'trade_side': 0, 'event_type': 0, 'book_clear': 0, 'F_SNAPSHOT': 0, 'F_MAYBE_BAD_BOOK': 0, 'F_BAD_TS_RECV': 0, 'integrity_break': 0, 'halt_boundary': 0}"
data/pilot/INTC_20260731.parquet,n_duplicate_rows,0
data/pilot/INTC_20260731.parquet,n_duplicate_timestamps,0
data/pilot/INTC_20260731.parquet,is_sorted,True
data/pilot/INTC_20260731.parquet,n_instruments,1
data/pilot/INTC_20260731.parquet,n_days,1
data/pilot/INTC_20260731.parquet,gap_ms_describe,"{'min': 6e-06, 'median': 0.050135, 'p90': 10.837743, 'p99': 102.5079225, 'max': 1245.111517, 'n_negative': 0}"
data/pilot/INTC_20260731.parquet,n_crossed,0
data/pilot/INTC_20260731.parquet,n_locked,0
data/pilot/INTC_20260731.parquet,n_nonpositive_sizes,0
data/pilot/INTC_20260731.parquet,has_level2,True
data/pilot/INTC_20260731.parquet,has_trades,True
data/pilot/INTC_20260731.parquet,has_trade_side,True
data/pilot/INTC_20260731.parquet,has_event_type,True
data/pilot/INTC_20260731.parquet,notes,[]
data/pilot/INTC_20260803.parquet,n_rows,2773635
data/pilot/INTC_20260803.parquet,columns,"['timestamp', 'ts_recv', 'ts_event', 'ts_recv_minus_ts_event_ms', 'instrument', 'sequence', 'session_date', 'in_continuous_session', 'canonical_event_id', 'raw_row_id', 'src_row_first', 'src_row_last', 'n_records', 'actions', 'n_trades', 'bid_price_1', 'ask_price_1', 'bid_size_1', 'ask_size_1', 'bid_price_1_int', 'ask_price_1_int', 'bid_price_2', 'ask_price_2', 'bid_size_2', 'ask_size_2', 'bid_price_2_int', 'ask_price_2_int', 'bid_price_3', 'ask_price_3', 'bid_size_3', 'ask_size_3', 'bid_price_3_int', 'ask_price_3_int', 'bid_price_4', 'ask_price_4', 'bid_size_4', 'ask_size_4', 'bid_price_4_int', 'ask_price_4_int', 'bid_price_5', 'ask_price_5', 'bid_size_5', 'ask_size_5', 'bid_price_5_int', 'ask_price_5_int', 'bid_price_6', 'ask_price_6', 'bid_size_6', 'ask_size_6', 'bid_price_6_int', 'ask_price_6_int', 'bid_price_7', 'ask_price_7', 'bid_size_7', 'ask_size_7', 'bid_price_7_int', 'ask_price_7_int', 'bid_price_8', 'ask_price_8', 'bid_size_8', 'ask_size_8', 'bid_price_8_int', 'ask_price_8_int', 'bid_price_9', 'ask_price_9', 'bid_size_9', 'ask_size_9', 'bid_price_9_int', 'ask_price_9_int', 'bid_price_10', 'ask_price_10', 'bid_size_10', 'ask_size_10', 'bid_price_10_int', 'ask_price_10_int', 'trade_price', 'trade_size', 'signed_trade_volume', 'trade_side', 'event_type', 'book_clear', 'F_SNAPSHOT', 'F_MAYBE_BAD_BOOK', 'F_BAD_TS_RECV', 'integrity_break', 'halt_boundary']"
data/pilot/INTC_20260803.parquet,dtypes,"{'timestamp': 'datetime64[ns, UTC]', 'ts_recv': 'datetime64[ns, UTC]', 'ts_event': 'datetime64[ns, UTC]', 'ts_recv_minus_ts_event_ms': 'float64', 'instrument': 'object', 'sequence': 'uint32', 'session_date': 'object', 'in_continuous_session': 'bool', 'canonical_event_id': 'int64', 'raw_row_id': 'int64', 'src_row_first': 'int64', 'src_row_last': 'int64', 'n_records': 'int64', 'actions': 'object', 'n_trades': 'int64', 'bid_price_1': 'float64', 'ask_price_1': 'float64', 'bid_size_1': 'uint32', 'ask_size_1': 'uint32', 'bid_price_1_int': 'Int64', 'ask_price_1_int': 'Int64', 'bid_price_2': 'float64', 'ask_price_2': 'float64', 'bid_size_2': 'uint32', 'ask_size_2': 'uint32', 'bid_price_2_int': 'Int64', 'ask_price_2_int': 'Int64', 'bid_price_3': 'float64', 'ask_price_3': 'float64', 'bid_size_3': 'uint32', 'ask_size_3': 'uint32', 'bid_price_3_int': 'Int64', 'ask_price_3_int': 'Int64', 'bid_price_4': 'float64', 'ask_price_4': 'float64', 'bid_size_4': 'uint32', 'ask_size_4': 'uint32', 'bid_price_4_int': 'Int64', 'ask_price_4_int': 'Int64', 'bid_price_5': 'float64', 'ask_price_5': 'float64', 'bid_size_5': 'uint32', 'ask_size_5': 'uint32', 'bid_price_5_int': 'Int64', 'ask_price_5_int': 'Int64', 'bid_price_6': 'float64', 'ask_price_6': 'float64', 'bid_size_6': 'uint32', 'ask_size_6': 'uint32', 'bid_price_6_int': 'Int64', 'ask_price_6_int': 'Int64', 'bid_price_7': 'float64', 'ask_price_7': 'float64', 'bid_size_7': 'uint32', 'ask_size_7': 'uint32', 'bid_price_7_int': 'Int64', 'ask_price_7_int': 'Int64', 'bid_price_8': 'float64', 'ask_price_8': 'float64', 'bid_size_8': 'uint32', 'ask_size_8': 'uint32', 'bid_price_8_int': 'Int64', 'ask_price_8_int': 'Int64', 'bid_price_9': 'float64', 'ask_price_9': 'float64', 'bid_size_9': 'uint32', 'ask_size_9': 'uint32', 'bid_price_9_int': 'Int64', 'ask_price_9_int': 'Int64', 'bid_price_10': 'float64', 'ask_price_10': 'float64', 'bid_size_10': 'uint32', 'ask_size_10': 'uint32', 'bid_price_10_int': 'Int64', 'ask_price_10_int': 'Int64', 'trade_price': 'float64', 'trade_size': 'float64', 'signed_trade_volume': 'float64', 'trade_side': 'object', 'event_type': 'object', 'book_clear': 'bool', 'F_SNAPSHOT': 'bool', 'F_MAYBE_BAD_BOOK': 'bool', 'F_BAD_TS_RECV': 'bool', 'integrity_break': 'bool', 'halt_boundary': 'bool'}"
data/pilot/INTC_20260803.parquet,ts_min,2026-08-03 13:30:00.017435595+00:00
data/pilot/INTC_20260803.parquet,ts_max,2026-08-03 19:59:59.998029050+00:00
data/pilot/INTC_20260803.parquet,ts_resolution_ms,6e-06
data/pilot/INTC_20260803.parquet,missing_counts,"{'timestamp': 0, 'ts_recv': 0, 'ts_event': 0, 'ts_recv_minus_ts_event_ms': 0, 'instrument': 0, 'sequence': 0, 'session_date': 0, 'in_continuous_session': 0, 'canonical_event_id': 0, 'raw_row_id': 0, 'src_row_first': 0, 'src_row_last': 0, 'n_records': 0, 'actions': 0, 'n_trades': 0, 'bid_price_1': 0, 'ask_price_1': 0, 'bid_size_1': 0, 'ask_size_1': 0, 'bid_price_1_int': 0, 'ask_price_1_int': 0, 'bid_price_2': 0, 'ask_price_2': 0, 'bid_size_2': 0, 'ask_size_2': 0, 'bid_price_2_int': 0, 'ask_price_2_int': 0, 'bid_price_3': 0, 'ask_price_3': 0, 'bid_size_3': 0, 'ask_size_3': 0, 'bid_price_3_int': 0, 'ask_price_3_int': 0, 'bid_price_4': 0, 'ask_price_4': 0, 'bid_size_4': 0, 'ask_size_4': 0, 'bid_price_4_int': 0, 'ask_price_4_int': 0, 'bid_price_5': 0, 'ask_price_5': 0, 'bid_size_5': 0, 'ask_size_5': 0, 'bid_price_5_int': 0, 'ask_price_5_int': 0, 'bid_price_6': 0, 'ask_price_6': 0, 'bid_size_6': 0, 'ask_size_6': 0, 'bid_price_6_int': 0, 'ask_price_6_int': 0, 'bid_price_7': 0, 'ask_price_7': 0, 'bid_size_7': 0, 'ask_size_7': 0, 'bid_price_7_int': 0, 'ask_price_7_int': 0, 'bid_price_8': 0, 'ask_price_8': 0, 'bid_size_8': 0, 'ask_size_8': 0, 'bid_price_8_int': 0, 'ask_price_8_int': 0, 'bid_price_9': 0, 'ask_price_9': 0, 'bid_size_9': 0, 'ask_size_9': 0, 'bid_price_9_int': 0, 'ask_price_9_int': 0, 'bid_price_10': 0, 'ask_price_10': 0, 'bid_size_10': 0, 'ask_size_10': 0, 'bid_price_10_int': 0, 'ask_price_10_int': 0, 'trade_price': 2656195, 'trade_size': 2656195, 'signed_trade_volume': 0, 'trade_side': 0, 'event_type': 0, 'book_clear': 0, 'F_SNAPSHOT': 0, 'F_MAYBE_BAD_BOOK': 0, 'F_BAD_TS_RECV': 0, 'integrity_break': 0, 'halt_boundary': 0}"
data/pilot/INTC_20260803.parquet,n_duplicate_rows,0
data/pilot/INTC_20260803.parquet,n_duplicate_timestamps,0
data/pilot/INTC_20260803.parquet,is_sorted,True
data/pilot/INTC_20260803.parquet,n_instruments,1
data/pilot/INTC_20260803.parquet,n_days,1
data/pilot/INTC_20260803.parquet,gap_ms_describe,"{'min': 6e-06, 'median': 0.038681, 'p90': 14.615412100000023, 'p99': 173.8688559699997, 'max': 2689.985151, 'n_negative': 0}"
data/pilot/INTC_20260803.parquet,n_crossed,0
data/pilot/INTC_20260803.parquet,n_locked,0
data/pilot/INTC_20260803.parquet,n_nonpositive_sizes,0
data/pilot/INTC_20260803.parquet,has_level2,True
data/pilot/INTC_20260803.parquet,has_trades,True
data/pilot/INTC_20260803.parquet,has_trade_side,True
data/pilot/INTC_20260803.parquet,has_event_type,True
data/pilot/INTC_20260803.parquet,notes,[]
data/pilot/INTC_20260804.parquet,n_rows,3191925
data/pilot/INTC_20260804.parquet,columns,"['timestamp', 'ts_recv', 'ts_event', 'ts_recv_minus_ts_event_ms', 'instrument', 'sequence', 'session_date', 'in_continuous_session', 'canonical_event_id', 'raw_row_id', 'src_row_first', 'src_row_last', 'n_records', 'actions', 'n_trades', 'bid_price_1', 'ask_price_1', 'bid_size_1', 'ask_size_1', 'bid_price_1_int', 'ask_price_1_int', 'bid_price_2', 'ask_price_2', 'bid_size_2', 'ask_size_2', 'bid_price_2_int', 'ask_price_2_int', 'bid_price_3', 'ask_price_3', 'bid_size_3', 'ask_size_3', 'bid_price_3_int', 'ask_price_3_int', 'bid_price_4', 'ask_price_4', 'bid_size_4', 'ask_size_4', 'bid_price_4_int', 'ask_price_4_int', 'bid_price_5', 'ask_price_5', 'bid_size_5', 'ask_size_5', 'bid_price_5_int', 'ask_price_5_int', 'bid_price_6', 'ask_price_6', 'bid_size_6', 'ask_size_6', 'bid_price_6_int', 'ask_price_6_int', 'bid_price_7', 'ask_price_7', 'bid_size_7', 'ask_size_7', 'bid_price_7_int', 'ask_price_7_int', 'bid_price_8', 'ask_price_8', 'bid_size_8', 'ask_size_8', 'bid_price_8_int', 'ask_price_8_int', 'bid_price_9', 'ask_price_9', 'bid_size_9', 'ask_size_9', 'bid_price_9_int', 'ask_price_9_int', 'bid_price_10', 'ask_price_10', 'bid_size_10', 'ask_size_10', 'bid_price_10_int', 'ask_price_10_int', 'trade_price', 'trade_size', 'signed_trade_volume', 'trade_side', 'event_type', 'book_clear', 'F_SNAPSHOT', 'F_MAYBE_BAD_BOOK', 'F_BAD_TS_RECV', 'integrity_break', 'halt_boundary']"
data/pilot/INTC_20260804.parquet,dtypes,"{'timestamp': 'datetime64[ns, UTC]', 'ts_recv': 'datetime64[ns, UTC]', 'ts_event': 'datetime64[ns, UTC]', 'ts_recv_minus_ts_event_ms': 'float64', 'instrument': 'object', 'sequence': 'uint32', 'session_date': 'object', 'in_continuous_session': 'bool', 'canonical_event_id': 'int64', 'raw_row_id': 'int64', 'src_row_first': 'int64', 'src_row_last': 'int64', 'n_records': 'int64', 'actions': 'object', 'n_trades': 'int64', 'bid_price_1': 'float64', 'ask_price_1': 'float64', 'bid_size_1': 'uint32', 'ask_size_1': 'uint32', 'bid_price_1_int': 'Int64', 'ask_price_1_int': 'Int64', 'bid_price_2': 'float64', 'ask_price_2': 'float64', 'bid_size_2': 'uint32', 'ask_size_2': 'uint32', 'bid_price_2_int': 'Int64', 'ask_price_2_int': 'Int64', 'bid_price_3': 'float64', 'ask_price_3': 'float64', 'bid_size_3': 'uint32', 'ask_size_3': 'uint32', 'bid_price_3_int': 'Int64', 'ask_price_3_int': 'Int64', 'bid_price_4': 'float64', 'ask_price_4': 'float64', 'bid_size_4': 'uint32', 'ask_size_4': 'uint32', 'bid_price_4_int': 'Int64', 'ask_price_4_int': 'Int64', 'bid_price_5': 'float64', 'ask_price_5': 'float64', 'bid_size_5': 'uint32', 'ask_size_5': 'uint32', 'bid_price_5_int': 'Int64', 'ask_price_5_int': 'Int64', 'bid_price_6': 'float64', 'ask_price_6': 'float64', 'bid_size_6': 'uint32', 'ask_size_6': 'uint32', 'bid_price_6_int': 'Int64', 'ask_price_6_int': 'Int64', 'bid_price_7': 'float64', 'ask_price_7': 'float64', 'bid_size_7': 'uint32', 'ask_size_7': 'uint32', 'bid_price_7_int': 'Int64', 'ask_price_7_int': 'Int64', 'bid_price_8': 'float64', 'ask_price_8': 'float64', 'bid_size_8': 'uint32', 'ask_size_8': 'uint32', 'bid_price_8_int': 'Int64', 'ask_price_8_int': 'Int64', 'bid_price_9': 'float64', 'ask_price_9': 'float64', 'bid_size_9': 'uint32', 'ask_size_9': 'uint32', 'bid_price_9_int': 'Int64', 'ask_price_9_int': 'Int64', 'bid_price_10': 'float64', 'ask_price_10': 'float64', 'bid_size_10': 'uint32', 'ask_size_10': 'uint32', 'bid_price_10_int': 'Int64', 'ask_price_10_int': 'Int64', 'trade_price': 'float64', 'trade_size': 'float64', 'signed_trade_volume': 'float64', 'trade_side': 'object', 'event_type': 'object', 'book_clear': 'bool', 'F_SNAPSHOT': 'bool', 'F_MAYBE_BAD_BOOK': 'bool', 'F_BAD_TS_RECV': 'bool', 'integrity_break': 'bool', 'halt_boundary': 'bool'}"
data/pilot/INTC_20260804.parquet,ts_min,2026-08-04 13:30:00.005996859+00:00
data/pilot/INTC_20260804.parquet,ts_max,2026-08-04 19:59:59.997442043+00:00
data/pilot/INTC_20260804.parquet,ts_resolution_ms,1e-05
data/pilot/INTC_20260804.parquet,missing_counts,"{'timestamp': 0, 'ts_recv': 0, 'ts_event': 0, 'ts_recv_minus_ts_event_ms': 0, 'instrument': 0, 'sequence': 0, 'session_date': 0, 'in_continuous_session': 0, 'canonical_event_id': 0, 'raw_row_id': 0, 'src_row_first': 0, 'src_row_last': 0, 'n_records': 0, 'actions': 0, 'n_trades': 0, 'bid_price_1': 0, 'ask_price_1': 0, 'bid_size_1': 0, 'ask_size_1': 0, 'bid_price_1_int': 0, 'ask_price_1_int': 0, 'bid_price_2': 0, 'ask_price_2': 0, 'bid_size_2': 0, 'ask_size_2': 0, 'bid_price_2_int': 0, 'ask_price_2_int': 0, 'bid_price_3': 0, 'ask_price_3': 0, 'bid_size_3': 0, 'ask_size_3': 0, 'bid_price_3_int': 0, 'ask_price_3_int': 0, 'bid_price_4': 0, 'ask_price_4': 0, 'bid_size_4': 0, 'ask_size_4': 0, 'bid_price_4_int': 0, 'ask_price_4_int': 0, 'bid_price_5': 0, 'ask_price_5': 0, 'bid_size_5': 0, 'ask_size_5': 0, 'bid_price_5_int': 0, 'ask_price_5_int': 0, 'bid_price_6': 0, 'ask_price_6': 0, 'bid_size_6': 0, 'ask_size_6': 0, 'bid_price_6_int': 0, 'ask_price_6_int': 0, 'bid_price_7': 0, 'ask_price_7': 0, 'bid_size_7': 0, 'ask_size_7': 0, 'bid_price_7_int': 0, 'ask_price_7_int': 0, 'bid_price_8': 0, 'ask_price_8': 0, 'bid_size_8': 0, 'ask_size_8': 0, 'bid_price_8_int': 0, 'ask_price_8_int': 0, 'bid_price_9': 0, 'ask_price_9': 0, 'bid_size_9': 0, 'ask_size_9': 0, 'bid_price_9_int': 0, 'ask_price_9_int': 0, 'bid_price_10': 0, 'ask_price_10': 0, 'bid_size_10': 0, 'ask_size_10': 0, 'bid_price_10_int': 0, 'ask_price_10_int': 0, 'trade_price': 3074365, 'trade_size': 3074365, 'signed_trade_volume': 0, 'trade_side': 0, 'event_type': 0, 'book_clear': 0, 'F_SNAPSHOT': 0, 'F_MAYBE_BAD_BOOK': 0, 'F_BAD_TS_RECV': 0, 'integrity_break': 0, 'halt_boundary': 0}"
data/pilot/INTC_20260804.parquet,n_duplicate_rows,0
data/pilot/INTC_20260804.parquet,n_duplicate_timestamps,0
data/pilot/INTC_20260804.parquet,is_sorted,True
data/pilot/INTC_20260804.parquet,n_instruments,1
data/pilot/INTC_20260804.parquet,n_days,1
data/pilot/INTC_20260804.parquet,gap_ms_describe,"{'min': 1e-05, 'median': 0.036841, 'p90': 14.197126500000033, 'p99': 145.82928203000012, 'max': 1656.110479, 'n_negative': 0}"
data/pilot/INTC_20260804.parquet,n_crossed,0
data/pilot/INTC_20260804.parquet,n_locked,0
data/pilot/INTC_20260804.parquet,n_nonpositive_sizes,0
data/pilot/INTC_20260804.parquet,has_level2,True
data/pilot/INTC_20260804.parquet,has_trades,True
data/pilot/INTC_20260804.parquet,has_trade_side,True
data/pilot/INTC_20260804.parquet,has_event_type,True
data/pilot/INTC_20260804.parquet,notes,[]
data/pilot/INTC_20260805.parquet,n_rows,3500096
data/pilot/INTC_20260805.parquet,columns,"['timestamp', 'ts_recv', 'ts_event', 'ts_recv_minus_ts_event_ms', 'instrument', 'sequence', 'session_date', 'in_continuous_session', 'canonical_event_id', 'raw_row_id', 'src_row_first', 'src_row_last', 'n_records', 'actions', 'n_trades', 'bid_price_1', 'ask_price_1', 'bid_size_1', 'ask_size_1', 'bid_price_1_int', 'ask_price_1_int', 'bid_price_2', 'ask_price_2', 'bid_size_2', 'ask_size_2', 'bid_price_2_int', 'ask_price_2_int', 'bid_price_3', 'ask_price_3', 'bid_size_3', 'ask_size_3', 'bid_price_3_int', 'ask_price_3_int', 'bid_price_4', 'ask_price_4', 'bid_size_4', 'ask_size_4', 'bid_price_4_int', 'ask_price_4_int', 'bid_price_5', 'ask_price_5', 'bid_size_5', 'ask_size_5', 'bid_price_5_int', 'ask_price_5_int', 'bid_price_6', 'ask_price_6', 'bid_size_6', 'ask_size_6', 'bid_price_6_int', 'ask_price_6_int', 'bid_price_7', 'ask_price_7', 'bid_size_7', 'ask_size_7', 'bid_price_7_int', 'ask_price_7_int', 'bid_price_8', 'ask_price_8', 'bid_size_8', 'ask_size_8', 'bid_price_8_int', 'ask_price_8_int', 'bid_price_9', 'ask_price_9', 'bid_size_9', 'ask_size_9', 'bid_price_9_int', 'ask_price_9_int', 'bid_price_10', 'ask_price_10', 'bid_size_10', 'ask_size_10', 'bid_price_10_int', 'ask_price_10_int', 'trade_price', 'trade_size', 'signed_trade_volume', 'trade_side', 'event_type', 'book_clear', 'F_SNAPSHOT', 'F_MAYBE_BAD_BOOK', 'F_BAD_TS_RECV', 'integrity_break', 'halt_boundary']"
data/pilot/INTC_20260805.parquet,dtypes,"{'timestamp': 'datetime64[ns, UTC]', 'ts_recv': 'datetime64[ns, UTC]', 'ts_event': 'datetime64[ns, UTC]', 'ts_recv_minus_ts_event_ms': 'float64', 'instrument': 'object', 'sequence': 'uint32', 'session_date': 'object', 'in_continuous_session': 'bool', 'canonical_event_id': 'int64', 'raw_row_id': 'int64', 'src_row_first': 'int64', 'src_row_last': 'int64', 'n_records': 'int64', 'actions': 'object', 'n_trades': 'int64', 'bid_price_1': 'float64', 'ask_price_1': 'float64', 'bid_size_1': 'uint32', 'ask_size_1': 'uint32', 'bid_price_1_int': 'Int64', 'ask_price_1_int': 'Int64', 'bid_price_2': 'float64', 'ask_price_2': 'float64', 'bid_size_2': 'uint32', 'ask_size_2': 'uint32', 'bid_price_2_int': 'Int64', 'ask_price_2_int': 'Int64', 'bid_price_3': 'float64', 'ask_price_3': 'float64', 'bid_size_3': 'uint32', 'ask_size_3': 'uint32', 'bid_price_3_int': 'Int64', 'ask_price_3_int': 'Int64', 'bid_price_4': 'float64', 'ask_price_4': 'float64', 'bid_size_4': 'uint32', 'ask_size_4': 'uint32', 'bid_price_4_int': 'Int64', 'ask_price_4_int': 'Int64', 'bid_price_5': 'float64', 'ask_price_5': 'float64', 'bid_size_5': 'uint32', 'ask_size_5': 'uint32', 'bid_price_5_int': 'Int64', 'ask_price_5_int': 'Int64', 'bid_price_6': 'float64', 'ask_price_6': 'float64', 'bid_size_6': 'uint32', 'ask_size_6': 'uint32', 'bid_price_6_int': 'Int64', 'ask_price_6_int': 'Int64', 'bid_price_7': 'float64', 'ask_price_7': 'float64', 'bid_size_7': 'uint32', 'ask_size_7': 'uint32', 'bid_price_7_int': 'Int64', 'ask_price_7_int': 'Int64', 'bid_price_8': 'float64', 'ask_price_8': 'float64', 'bid_size_8': 'uint32', 'ask_size_8': 'uint32', 'bid_price_8_int': 'Int64', 'ask_price_8_int': 'Int64', 'bid_price_9': 'float64', 'ask_price_9': 'float64', 'bid_size_9': 'uint32', 'ask_size_9': 'uint32', 'bid_price_9_int': 'Int64', 'ask_price_9_int': 'Int64', 'bid_price_10': 'float64', 'ask_price_10': 'float64', 'bid_size_10': 'uint32', 'ask_size_10': 'uint32', 'bid_price_10_int': 'Int64', 'ask_price_10_int': 'Int64', 'trade_price': 'float64', 'trade_size': 'float64', 'signed_trade_volume': 'float64', 'trade_side': 'object', 'event_type': 'object', 'book_clear': 'bool', 'F_SNAPSHOT': 'bool', 'F_MAYBE_BAD_BOOK': 'bool', 'F_BAD_TS_RECV': 'bool', 'integrity_break': 'bool', 'halt_boundary': 'bool'}"
data/pilot/INTC_20260805.parquet,ts_min,2026-08-05 13:30:00.001941468+00:00
data/pilot/INTC_20260805.parquet,ts_max,2026-08-05 19:59:59.999540922+00:00
data/pilot/INTC_20260805.parquet,ts_resolution_ms,1.2e-05
data/pilot/INTC_20260805.parquet,missing_counts,"{'timestamp': 0, 'ts_recv': 0, 'ts_event': 0, 'ts_recv_minus_ts_event_ms': 0, 'instrument': 0, 'sequence': 0, 'session_date': 0, 'in_continuous_session': 0, 'canonical_event_id': 0, 'raw_row_id': 0, 'src_row_first': 0, 'src_row_last': 0, 'n_records': 0, 'actions': 0, 'n_trades': 0, 'bid_price_1': 0, 'ask_price_1': 0, 'bid_size_1': 0, 'ask_size_1': 0, 'bid_price_1_int': 0, 'ask_price_1_int': 0, 'bid_price_2': 0, 'ask_price_2': 0, 'bid_size_2': 0, 'ask_size_2': 0, 'bid_price_2_int': 0, 'ask_price_2_int': 0, 'bid_price_3': 0, 'ask_price_3': 0, 'bid_size_3': 0, 'ask_size_3': 0, 'bid_price_3_int': 0, 'ask_price_3_int': 0, 'bid_price_4': 0, 'ask_price_4': 0, 'bid_size_4': 0, 'ask_size_4': 0, 'bid_price_4_int': 0, 'ask_price_4_int': 0, 'bid_price_5': 0, 'ask_price_5': 0, 'bid_size_5': 0, 'ask_size_5': 0, 'bid_price_5_int': 0, 'ask_price_5_int': 0, 'bid_price_6': 0, 'ask_price_6': 0, 'bid_size_6': 0, 'ask_size_6': 0, 'bid_price_6_int': 0, 'ask_price_6_int': 0, 'bid_price_7': 0, 'ask_price_7': 0, 'bid_size_7': 0, 'ask_size_7': 0, 'bid_price_7_int': 0, 'ask_price_7_int': 0, 'bid_price_8': 0, 'ask_price_8': 0, 'bid_size_8': 0, 'ask_size_8': 0, 'bid_price_8_int': 0, 'ask_price_8_int': 0, 'bid_price_9': 0, 'ask_price_9': 0, 'bid_size_9': 0, 'ask_size_9': 0, 'bid_price_9_int': 0, 'ask_price_9_int': 0, 'bid_price_10': 0, 'ask_price_10': 0, 'bid_size_10': 0, 'ask_size_10': 0, 'bid_price_10_int': 0, 'ask_price_10_int': 0, 'trade_price': 3392263, 'trade_size': 3392263, 'signed_trade_volume': 0, 'trade_side': 0, 'event_type': 0, 'book_clear': 0, 'F_SNAPSHOT': 0, 'F_MAYBE_BAD_BOOK': 0, 'F_BAD_TS_RECV': 0, 'integrity_break': 0, 'halt_boundary': 0}"
data/pilot/INTC_20260805.parquet,n_duplicate_rows,0
data/pilot/INTC_20260805.parquet,n_duplicate_timestamps,0
data/pilot/INTC_20260805.parquet,is_sorted,True
data/pilot/INTC_20260805.parquet,n_instruments,1
data/pilot/INTC_20260805.parquet,n_days,1
data/pilot/INTC_20260805.parquet,gap_ms_describe,"{'min': 1.2e-05, 'median': 0.053886, 'p90': 13.716204400000004, 'p99': 124.36357054000003, 'max': 1740.985344, 'n_negative': 0}"
data/pilot/INTC_20260805.parquet,n_crossed,0
data/pilot/INTC_20260805.parquet,n_locked,0
data/pilot/INTC_20260805.parquet,n_nonpositive_sizes,0
data/pilot/INTC_20260805.parquet,has_level2,True
data/pilot/INTC_20260805.parquet,has_trades,True
data/pilot/INTC_20260805.parquet,has_trade_side,True
data/pilot/INTC_20260805.parquet,has_event_type,True
data/pilot/INTC_20260805.parquet,notes,[]
data/pilot/INTC_20260806.parquet,n_rows,3476464
data/pilot/INTC_20260806.parquet,columns,"['timestamp', 'ts_recv', 'ts_event', 'ts_recv_minus_ts_event_ms', 'instrument', 'sequence', 'session_date', 'in_continuous_session', 'canonical_event_id', 'raw_row_id', 'src_row_first', 'src_row_last', 'n_records', 'actions', 'n_trades', 'bid_price_1', 'ask_price_1', 'bid_size_1', 'ask_size_1', 'bid_price_1_int', 'ask_price_1_int', 'bid_price_2', 'ask_price_2', 'bid_size_2', 'ask_size_2', 'bid_price_2_int', 'ask_price_2_int', 'bid_price_3', 'ask_price_3', 'bid_size_3', 'ask_size_3', 'bid_price_3_int', 'ask_price_3_int', 'bid_price_4', 'ask_price_4', 'bid_size_4', 'ask_size_4', 'bid_price_4_int', 'ask_price_4_int', 'bid_price_5', 'ask_price_5', 'bid_size_5', 'ask_size_5', 'bid_price_5_int', 'ask_price_5_int', 'bid_price_6', 'ask_price_6', 'bid_size_6', 'ask_size_6', 'bid_price_6_int', 'ask_price_6_int', 'bid_price_7', 'ask_price_7', 'bid_size_7', 'ask_size_7', 'bid_price_7_int', 'ask_price_7_int', 'bid_price_8', 'ask_price_8', 'bid_size_8', 'ask_size_8', 'bid_price_8_int', 'ask_price_8_int', 'bid_price_9', 'ask_price_9', 'bid_size_9', 'ask_size_9', 'bid_price_9_int', 'ask_price_9_int', 'bid_price_10', 'ask_price_10', 'bid_size_10', 'ask_size_10', 'bid_price_10_int', 'ask_price_10_int', 'trade_price', 'trade_size', 'signed_trade_volume', 'trade_side', 'event_type', 'book_clear', 'F_SNAPSHOT', 'F_MAYBE_BAD_BOOK', 'F_BAD_TS_RECV', 'integrity_break', 'halt_boundary']"
data/pilot/INTC_20260806.parquet,dtypes,"{'timestamp': 'datetime64[ns, UTC]', 'ts_recv': 'datetime64[ns, UTC]', 'ts_event': 'datetime64[ns, UTC]', 'ts_recv_minus_ts_event_ms': 'float64', 'instrument': 'object', 'sequence': 'uint32', 'session_date': 'object', 'in_continuous_session': 'bool', 'canonical_event_id': 'int64', 'raw_row_id': 'int64', 'src_row_first': 'int64', 'src_row_last': 'int64', 'n_records': 'int64', 'actions': 'object', 'n_trades': 'int64', 'bid_price_1': 'float64', 'ask_price_1': 'float64', 'bid_size_1': 'uint32', 'ask_size_1': 'uint32', 'bid_price_1_int': 'Int64', 'ask_price_1_int': 'Int64', 'bid_price_2': 'float64', 'ask_price_2': 'float64', 'bid_size_2': 'uint32', 'ask_size_2': 'uint32', 'bid_price_2_int': 'Int64', 'ask_price_2_int': 'Int64', 'bid_price_3': 'float64', 'ask_price_3': 'float64', 'bid_size_3': 'uint32', 'ask_size_3': 'uint32', 'bid_price_3_int': 'Int64', 'ask_price_3_int': 'Int64', 'bid_price_4': 'float64', 'ask_price_4': 'float64', 'bid_size_4': 'uint32', 'ask_size_4': 'uint32', 'bid_price_4_int': 'Int64', 'ask_price_4_int': 'Int64', 'bid_price_5': 'float64', 'ask_price_5': 'float64', 'bid_size_5': 'uint32', 'ask_size_5': 'uint32', 'bid_price_5_int': 'Int64', 'ask_price_5_int': 'Int64', 'bid_price_6': 'float64', 'ask_price_6': 'float64', 'bid_size_6': 'uint32', 'ask_size_6': 'uint32', 'bid_price_6_int': 'Int64', 'ask_price_6_int': 'Int64', 'bid_price_7': 'float64', 'ask_price_7': 'float64', 'bid_size_7': 'uint32', 'ask_size_7': 'uint32', 'bid_price_7_int': 'Int64', 'ask_price_7_int': 'Int64', 'bid_price_8': 'float64', 'ask_price_8': 'float64', 'bid_size_8': 'uint32', 'ask_size_8': 'uint32', 'bid_price_8_int': 'Int64', 'ask_price_8_int': 'Int64', 'bid_price_9': 'float64', 'ask_price_9': 'float64', 'bid_size_9': 'uint32', 'ask_size_9': 'uint32', 'bid_price_9_int': 'Int64', 'ask_price_9_int': 'Int64', 'bid_price_10': 'float64', 'ask_price_10': 'float64', 'bid_size_10': 'uint32', 'ask_size_10': 'uint32', 'bid_price_10_int': 'Int64', 'ask_price_10_int': 'Int64', 'trade_price': 'float64', 'trade_size': 'float64', 'signed_trade_volume': 'float64', 'trade_side': 'object', 'event_type': 'object', 'book_clear': 'bool', 'F_SNAPSHOT': 'bool', 'F_MAYBE_BAD_BOOK': 'bool', 'F_BAD_TS_RECV': 'bool', 'integrity_break': 'bool', 'halt_boundary': 'bool'}"
data/pilot/INTC_20260806.parquet,ts_min,2026-08-06 13:30:00.001039252+00:00
data/pilot/INTC_20260806.parquet,ts_max,2026-08-06 19:59:59.991117963+00:00
data/pilot/INTC_20260806.parquet,ts_resolution_ms,1.6e-05
data/pilot/INTC_20260806.parquet,missing_counts,"{'timestamp': 0, 'ts_recv': 0, 'ts_event': 0, 'ts_recv_minus_ts_event_ms': 0, 'instrument': 0, 'sequence': 0, 'session_date': 0, 'in_continuous_session': 0, 'canonical_event_id': 0, 'raw_row_id': 0, 'src_row_first': 0, 'src_row_last': 0, 'n_records': 0, 'actions': 0, 'n_trades': 0, 'bid_price_1': 0, 'ask_price_1': 0, 'bid_size_1': 0, 'ask_size_1': 0, 'bid_price_1_int': 0, 'ask_price_1_int': 0, 'bid_price_2': 0, 'ask_price_2': 0, 'bid_size_2': 0, 'ask_size_2': 0, 'bid_price_2_int': 0, 'ask_price_2_int': 0, 'bid_price_3': 0, 'ask_price_3': 0, 'bid_size_3': 0, 'ask_size_3': 0, 'bid_price_3_int': 0, 'ask_price_3_int': 0, 'bid_price_4': 0, 'ask_price_4': 0, 'bid_size_4': 0, 'ask_size_4': 0, 'bid_price_4_int': 0, 'ask_price_4_int': 0, 'bid_price_5': 0, 'ask_price_5': 0, 'bid_size_5': 0, 'ask_size_5': 0, 'bid_price_5_int': 0, 'ask_price_5_int': 0, 'bid_price_6': 0, 'ask_price_6': 0, 'bid_size_6': 0, 'ask_size_6': 0, 'bid_price_6_int': 0, 'ask_price_6_int': 0, 'bid_price_7': 0, 'ask_price_7': 0, 'bid_size_7': 0, 'ask_size_7': 0, 'bid_price_7_int': 0, 'ask_price_7_int': 0, 'bid_price_8': 0, 'ask_price_8': 0, 'bid_size_8': 0, 'ask_size_8': 0, 'bid_price_8_int': 0, 'ask_price_8_int': 0, 'bid_price_9': 0, 'ask_price_9': 0, 'bid_size_9': 0, 'ask_size_9': 0, 'bid_price_9_int': 0, 'ask_price_9_int': 0, 'bid_price_10': 0, 'ask_price_10': 0, 'bid_size_10': 0, 'ask_size_10': 0, 'bid_price_10_int': 0, 'ask_price_10_int': 0, 'trade_price': 3381598, 'trade_size': 3381598, 'signed_trade_volume': 0, 'trade_side': 0, 'event_type': 0, 'book_clear': 0, 'F_SNAPSHOT': 0, 'F_MAYBE_BAD_BOOK': 0, 'F_BAD_TS_RECV': 0, 'integrity_break': 0, 'halt_boundary': 0}"
data/pilot/INTC_20260806.parquet,n_duplicate_rows,0
data/pilot/INTC_20260806.parquet,n_duplicate_timestamps,0
data/pilot/INTC_20260806.parquet,is_sorted,True
data/pilot/INTC_20260806.parquet,n_instruments,1
data/pilot/INTC_20260806.parquet,n_days,1
data/pilot/INTC_20260806.parquet,gap_ms_describe,"{'min': 1.6e-05, 'median': 0.048759, 'p90': 13.24636000000001, 'p99': 126.7529259, 'max': 1693.385583, 'n_negative': 0}"
data/pilot/INTC_20260806.parquet,n_crossed,0
data/pilot/INTC_20260806.parquet,n_locked,0
data/pilot/INTC_20260806.parquet,n_nonpositive_sizes,0
data/pilot/INTC_20260806.parquet,has_level2,True
data/pilot/INTC_20260806.parquet,has_trades,True
data/pilot/INTC_20260806.parquet,has_trade_side,True
data/pilot/INTC_20260806.parquet,has_event_type,True
data/pilot/INTC_20260806.parquet,notes,[]
data/pilot/INTC_20260807.parquet,n_rows,2911184
data/pilot/INTC_20260807.parquet,columns,"['timestamp', 'ts_recv', 'ts_event', 'ts_recv_minus_ts_event_ms', 'instrument', 'sequence', 'session_date', 'in_continuous_session', 'canonical_event_id', 'raw_row_id', 'src_row_first', 'src_row_last', 'n_records', 'actions', 'n_trades', 'bid_price_1', 'ask_price_1', 'bid_size_1', 'ask_size_1', 'bid_price_1_int', 'ask_price_1_int', 'bid_price_2', 'ask_price_2', 'bid_size_2', 'ask_size_2', 'bid_price_2_int', 'ask_price_2_int', 'bid_price_3', 'ask_price_3', 'bid_size_3', 'ask_size_3', 'bid_price_3_int', 'ask_price_3_int', 'bid_price_4', 'ask_price_4', 'bid_size_4', 'ask_size_4', 'bid_price_4_int', 'ask_price_4_int', 'bid_price_5', 'ask_price_5', 'bid_size_5', 'ask_size_5', 'bid_price_5_int', 'ask_price_5_int', 'bid_price_6', 'ask_price_6', 'bid_size_6', 'ask_size_6', 'bid_price_6_int', 'ask_price_6_int', 'bid_price_7', 'ask_price_7', 'bid_size_7', 'ask_size_7', 'bid_price_7_int', 'ask_price_7_int', 'bid_price_8', 'ask_price_8', 'bid_size_8', 'ask_size_8', 'bid_price_8_int', 'ask_price_8_int', 'bid_price_9', 'ask_price_9', 'bid_size_9', 'ask_size_9', 'bid_price_9_int', 'ask_price_9_int', 'bid_price_10', 'ask_price_10', 'bid_size_10', 'ask_size_10', 'bid_price_10_int', 'ask_price_10_int', 'trade_price', 'trade_size', 'signed_trade_volume', 'trade_side', 'event_type', 'book_clear', 'F_SNAPSHOT', 'F_MAYBE_BAD_BOOK', 'F_BAD_TS_RECV', 'integrity_break', 'halt_boundary']"
data/pilot/INTC_20260807.parquet,dtypes,"{'timestamp': 'datetime64[ns, UTC]', 'ts_recv': 'datetime64[ns, UTC]', 'ts_event': 'datetime64[ns, UTC]', 'ts_recv_minus_ts_event_ms': 'float64', 'instrument': 'object', 'sequence': 'uint32', 'session_date': 'object', 'in_continuous_session': 'bool', 'canonical_event_id': 'int64', 'raw_row_id': 'int64', 'src_row_first': 'int64', 'src_row_last': 'int64', 'n_records': 'int64', 'actions': 'object', 'n_trades': 'int64', 'bid_price_1': 'float64', 'ask_price_1': 'float64', 'bid_size_1': 'uint32', 'ask_size_1': 'uint32', 'bid_price_1_int': 'Int64', 'ask_price_1_int': 'Int64', 'bid_price_2': 'float64', 'ask_price_2': 'float64', 'bid_size_2': 'uint32', 'ask_size_2': 'uint32', 'bid_price_2_int': 'Int64', 'ask_price_2_int': 'Int64', 'bid_price_3': 'float64', 'ask_price_3': 'float64', 'bid_size_3': 'uint32', 'ask_size_3': 'uint32', 'bid_price_3_int': 'Int64', 'ask_price_3_int': 'Int64', 'bid_price_4': 'float64', 'ask_price_4': 'float64', 'bid_size_4': 'uint32', 'ask_size_4': 'uint32', 'bid_price_4_int': 'Int64', 'ask_price_4_int': 'Int64', 'bid_price_5': 'float64', 'ask_price_5': 'float64', 'bid_size_5': 'uint32', 'ask_size_5': 'uint32', 'bid_price_5_int': 'Int64', 'ask_price_5_int': 'Int64', 'bid_price_6': 'float64', 'ask_price_6': 'float64', 'bid_size_6': 'uint32', 'ask_size_6': 'uint32', 'bid_price_6_int': 'Int64', 'ask_price_6_int': 'Int64', 'bid_price_7': 'float64', 'ask_price_7': 'float64', 'bid_size_7': 'uint32', 'ask_size_7': 'uint32', 'bid_price_7_int': 'Int64', 'ask_price_7_int': 'Int64', 'bid_price_8': 'float64', 'ask_price_8': 'float64', 'bid_size_8': 'uint32', 'ask_size_8': 'uint32', 'bid_price_8_int': 'Int64', 'ask_price_8_int': 'Int64', 'bid_price_9': 'float64', 'ask_price_9': 'float64', 'bid_size_9': 'uint32', 'ask_size_9': 'uint32', 'bid_price_9_int': 'Int64', 'ask_price_9_int': 'Int64', 'bid_price_10': 'float64', 'ask_price_10': 'float64', 'bid_size_10': 'uint32', 'ask_size_10': 'uint32', 'bid_price_10_int': 'Int64', 'ask_price_10_int': 'Int64', 'trade_price': 'float64', 'trade_size': 'float64', 'signed_trade_volume': 'float64', 'trade_side': 'object', 'event_type': 'object', 'book_clear': 'bool', 'F_SNAPSHOT': 'bool', 'F_MAYBE_BAD_BOOK': 'bool', 'F_BAD_TS_RECV': 'bool', 'integrity_break': 'bool', 'halt_boundary': 'bool'}"
data/pilot/INTC_20260807.parquet,ts_min,2026-08-07 13:30:00.027599693+00:00
data/pilot/INTC_20260807.parquet,ts_max,2026-08-07 19:59:59.999476381+00:00
data/pilot/INTC_20260807.parquet,ts_resolution_ms,7e-06
data/pilot/INTC_20260807.parquet,missing_counts,"{'timestamp': 0, 'ts_recv': 0, 'ts_event': 0, 'ts_recv_minus_ts_event_ms': 0, 'instrument': 0, 'sequence': 0, 'session_date': 0, 'in_continuous_session': 0, 'canonical_event_id': 0, 'raw_row_id': 0, 'src_row_first': 0, 'src_row_last': 0, 'n_records': 0, 'actions': 0, 'n_trades': 0, 'bid_price_1': 0, 'ask_price_1': 0, 'bid_size_1': 0, 'ask_size_1': 0, 'bid_price_1_int': 0, 'ask_price_1_int': 0, 'bid_price_2': 0, 'ask_price_2': 0, 'bid_size_2': 0, 'ask_size_2': 0, 'bid_price_2_int': 0, 'ask_price_2_int': 0, 'bid_price_3': 0, 'ask_price_3': 0, 'bid_size_3': 0, 'ask_size_3': 0, 'bid_price_3_int': 0, 'ask_price_3_int': 0, 'bid_price_4': 0, 'ask_price_4': 0, 'bid_size_4': 0, 'ask_size_4': 0, 'bid_price_4_int': 0, 'ask_price_4_int': 0, 'bid_price_5': 0, 'ask_price_5': 0, 'bid_size_5': 0, 'ask_size_5': 0, 'bid_price_5_int': 0, 'ask_price_5_int': 0, 'bid_price_6': 0, 'ask_price_6': 0, 'bid_size_6': 0, 'ask_size_6': 0, 'bid_price_6_int': 0, 'ask_price_6_int': 0, 'bid_price_7': 0, 'ask_price_7': 0, 'bid_size_7': 0, 'ask_size_7': 0, 'bid_price_7_int': 0, 'ask_price_7_int': 0, 'bid_price_8': 0, 'ask_price_8': 0, 'bid_size_8': 0, 'ask_size_8': 0, 'bid_price_8_int': 0, 'ask_price_8_int': 0, 'bid_price_9': 0, 'ask_price_9': 0, 'bid_size_9': 0, 'ask_size_9': 0, 'bid_price_9_int': 0, 'ask_price_9_int': 0, 'bid_price_10': 0, 'ask_price_10': 0, 'bid_size_10': 0, 'ask_size_10': 0, 'bid_price_10_int': 0, 'ask_price_10_int': 0, 'trade_price': 2821475, 'trade_size': 2821475, 'signed_trade_volume': 0, 'trade_side': 0, 'event_type': 0, 'book_clear': 0, 'F_SNAPSHOT': 0, 'F_MAYBE_BAD_BOOK': 0, 'F_BAD_TS_RECV': 0, 'integrity_break': 0, 'halt_boundary': 0}"
data/pilot/INTC_20260807.parquet,n_duplicate_rows,0
data/pilot/INTC_20260807.parquet,n_duplicate_timestamps,0
data/pilot/INTC_20260807.parquet,is_sorted,True
data/pilot/INTC_20260807.parquet,n_instruments,1
data/pilot/INTC_20260807.parquet,n_days,1
data/pilot/INTC_20260807.parquet,gap_ms_describe,"{'min': 7e-06, 'median': 0.05494, 'p90': 14.467301000000054, 'p99': 157.14251882000062, 'max': 2215.537912, 'n_negative': 0}"
data/pilot/INTC_20260807.parquet,n_crossed,0
data/pilot/INTC_20260807.parquet,n_locked,0
data/pilot/INTC_20260807.parquet,n_nonpositive_sizes,0
data/pilot/INTC_20260807.parquet,has_level2,True
data/pilot/INTC_20260807.parquet,has_trades,True
data/pilot/INTC_20260807.parquet,has_trade_side,True
data/pilot/INTC_20260807.parquet,has_event_type,True
data/pilot/INTC_20260807.parquet,notes,[]
